name,dataset,nGen,Npos-Nneg/Ntotal,XS,weight,boosted_dataset,globalTag,IsData,generator,additionalSelection,run,
,,,,,,,,,,,,
### signal ###,,,,,,,,,,,,
,,,,,,,,,,,,
DMV_NNPDF30_Axial_Mphi-1000_Mchi-1_gSM-0p25_gDM-1p0_v2_13TeV-powheg,/DMV_NNPDF30_Axial_Mphi-1000_Mchi-1_gSM-0p25_gDM-1p0_v2_13TeV-powheg/RunIISummer16MiniAODv2-PUMoriond17_80X_mcRun2_asymptotic_2016_TrancheIV_v6-v1/MINIAODSIM,299600,1,1.0,0.00333778371162,,80X_mcRun2_asymptotic_2016_TrancheIV_v8,FALSE,POWHEG,NONE,
DMV_NNPDF30_Axial_Mphi-1000_Mchi-300_gSM-0p25_gDM-1p0_v2_13TeV-powheg,/DMV_NNPDF30_Axial_Mphi-1000_Mchi-300_gSM-0p25_gDM-1p0_v2_13TeV-powheg/RunIISummer16MiniAODv2-PUMoriond17_80X_mcRun2_asymptotic_2016_TrancheIV_v6-v1/MINIAODSIM,300000,1,1.0,0.00333333333333,,80X_mcRun2_asymptotic_2016_TrancheIV_v8,FALSE,POWHEG,NONE,
DMV_NNPDF30_Axial_Mphi-1000_Mchi-400_gSM-0p25_gDM-1p0_v2_13TeV-powheg,/DMV_NNPDF30_Axial_Mphi-1000_Mchi-400_gSM-0p25_gDM-1p0_v2_13TeV-powheg/RunIISummer16MiniAODv2-PUMoriond17_80X_mcRun2_asymptotic_2016_TrancheIV_v6-v1/MINIAODSIM,283733,1,1.0,0.00352444023078,,80X_mcRun2_asymptotic_2016_TrancheIV_v8,FALSE,POWHEG,NONE,
DMV_NNPDF30_Axial_Mphi-1000_Mchi-600_gSM-0p25_gDM-1p0_v2_13TeV-powheg,/DMV_NNPDF30_Axial_Mphi-1000_Mchi-600_gSM-0p25_gDM-1p0_v2_13TeV-powheg/RunIISummer16MiniAODv2-PUMoriond17_80X_mcRun2_asymptotic_2016_TrancheIV_v6-v1/MINIAODSIM,300000,1,1.0,0.00333333333333,,80X_mcRun2_asymptotic_2016_TrancheIV_v8,FALSE,POWHEG,NONE,
DMV_NNPDF30_Axial_Mphi-100_Mchi-1_gSM-0p25_gDM-1p0_v2_13TeV-powheg,/DMV_NNPDF30_Axial_Mphi-100_Mchi-1_gSM-0p25_gDM-1p0_v2_13TeV-powheg/RunIISummer16MiniAODv2-PUMoriond17_80X_mcRun2_asymptotic_2016_TrancheIV_v6-v1/MINIAODSIM,300000,1,1.0,0.00333333333333,,80X_mcRun2_asymptotic_2016_TrancheIV_v8,FALSE,POWHEG,NONE,
DMV_NNPDF30_Axial_Mphi-100_Mchi-200_gSM-0p25_gDM-1p0_v2_13TeV-powheg,/DMV_NNPDF30_Axial_Mphi-100_Mchi-200_gSM-0p25_gDM-1p0_v2_13TeV-powheg/RunIISummer16MiniAODv2-PUMoriond17_80X_mcRun2_asymptotic_2016_TrancheIV_v6-v1/MINIAODSIM,300000,1,1.0,0.00333333333333,,80X_mcRun2_asymptotic_2016_TrancheIV_v8,FALSE,POWHEG,NONE,
DMV_NNPDF30_Axial_Mphi-100_Mchi-40_gSM-0p25_gDM-1p0_v2_13TeV-powheg,/DMV_NNPDF30_Axial_Mphi-100_Mchi-40_gSM-0p25_gDM-1p0_v2_13TeV-powheg/RunIISummer16MiniAODv2-PUMoriond17_80X_mcRun2_asymptotic_2016_TrancheIV_v6-v1/MINIAODSIM,300000,1,1.0,0.00333333333333,,80X_mcRun2_asymptotic_2016_TrancheIV_v8,FALSE,POWHEG,NONE,
DMV_NNPDF30_Axial_Mphi-10_Mchi-1_gSM-0p25_gDM-1p0_v2_13TeV-powheg,/DMV_NNPDF30_Axial_Mphi-10_Mchi-1_gSM-0p25_gDM-1p0_v2_13TeV-powheg/RunIISummer16MiniAODv2-PUMoriond17_80X_mcRun2_asymptotic_2016_TrancheIV_v6-v1/MINIAODSIM,299200,1,1.0,0.0033422459893,,80X_mcRun2_asymptotic_2016_TrancheIV_v8,FALSE,POWHEG,NONE,
DMV_NNPDF30_Axial_Mphi-1500_Mchi-1_gSM-0p25_gDM-1p0_v2_13TeV-powheg,/DMV_NNPDF30_Axial_Mphi-1500_Mchi-1_gSM-0p25_gDM-1p0_v2_13TeV-powheg/RunIISummer16MiniAODv2-PUMoriond17_80X_mcRun2_asymptotic_2016_TrancheIV_v6-v1/MINIAODSIM,298400,1,1.0,0.00335120643432,,80X_mcRun2_asymptotic_2016_TrancheIV_v8,FALSE,POWHEG,NONE,
DMV_NNPDF30_Axial_Mphi-1500_Mchi-300_gSM-0p25_gDM-1p0_v2_13TeV-powheg,/DMV_NNPDF30_Axial_Mphi-1500_Mchi-300_gSM-0p25_gDM-1p0_v2_13TeV-powheg/RunIISummer16MiniAODv2-PUMoriond17_80X_mcRun2_asymptotic_2016_TrancheIV_v6-v1/MINIAODSIM,300000,1,1.0,0.00333333333333,,80X_mcRun2_asymptotic_2016_TrancheIV_v8,FALSE,POWHEG,NONE,
DMV_NNPDF30_Axial_Mphi-1500_Mchi-600_gSM-0p25_gDM-1p0_v2_13TeV-powheg,/DMV_NNPDF30_Axial_Mphi-1500_Mchi-600_gSM-0p25_gDM-1p0_v2_13TeV-powheg/RunIISummer16MiniAODv2-PUMoriond17_80X_mcRun2_asymptotic_2016_TrancheIV_v6-v1/MINIAODSIM,300000,1,1.0,0.00333333333333,,80X_mcRun2_asymptotic_2016_TrancheIV_v8,FALSE,POWHEG,NONE,
DMV_NNPDF30_Axial_Mphi-1750_Mchi-100_gSM-0p25_gDM-1p0_v2_13TeV-powheg,/DMV_NNPDF30_Axial_Mphi-1750_Mchi-100_gSM-0p25_gDM-1p0_v2_13TeV-powheg/RunIISummer16MiniAODv2-PUMoriond17_80X_mcRun2_asymptotic_2016_TrancheIV_v6-v1/MINIAODSIM,300000,1,1.0,0.00333333333333,,80X_mcRun2_asymptotic_2016_TrancheIV_v8,FALSE,POWHEG,NONE,
DMV_NNPDF30_Axial_Mphi-1750_Mchi-10_gSM-0p25_gDM-1p0_v2_13TeV-powheg,/DMV_NNPDF30_Axial_Mphi-1750_Mchi-10_gSM-0p25_gDM-1p0_v2_13TeV-powheg/RunIISummer16MiniAODv2-PUMoriond17_80X_mcRun2_asymptotic_2016_TrancheIV_v6-v1/MINIAODSIM,297200,1,1.0,0.00336473755047,,80X_mcRun2_asymptotic_2016_TrancheIV_v8,FALSE,POWHEG,NONE,
DMV_NNPDF30_Axial_Mphi-1750_Mchi-150_gSM-0p25_gDM-1p0_v2_13TeV-powheg,/DMV_NNPDF30_Axial_Mphi-1750_Mchi-150_gSM-0p25_gDM-1p0_v2_13TeV-powheg/RunIISummer16MiniAODv2-PUMoriond17_80X_mcRun2_asymptotic_2016_TrancheIV_v6-v1/MINIAODSIM,299600,1,1.0,0.00333778371162,,80X_mcRun2_asymptotic_2016_TrancheIV_v8,FALSE,POWHEG,NONE,
DMV_NNPDF30_Axial_Mphi-1750_Mchi-1_gSM-0p25_gDM-1p0_v2_13TeV-powheg,/DMV_NNPDF30_Axial_Mphi-1750_Mchi-1_gSM-0p25_gDM-1p0_v2_13TeV-powheg/RunIISummer16MiniAODv2-PUMoriond17_80X_mcRun2_asymptotic_2016_TrancheIV_v6-v1/MINIAODSIM,300000,1,1.0,0.00333333333333,,80X_mcRun2_asymptotic_2016_TrancheIV_v8,FALSE,POWHEG,NONE,
DMV_NNPDF30_Axial_Mphi-1750_Mchi-200_gSM-0p25_gDM-1p0_v2_13TeV-powheg,/DMV_NNPDF30_Axial_Mphi-1750_Mchi-200_gSM-0p25_gDM-1p0_v2_13TeV-powheg/RunIISummer16MiniAODv2-PUMoriond17_80X_mcRun2_asymptotic_2016_TrancheIV_v6-v1/MINIAODSIM,298800,1,1.0,0.00334672021419,,80X_mcRun2_asymptotic_2016_TrancheIV_v8,FALSE,POWHEG,NONE,
DMV_NNPDF30_Axial_Mphi-1750_Mchi-300_gSM-0p25_gDM-1p0_v2_13TeV-powheg,/DMV_NNPDF30_Axial_Mphi-1750_Mchi-300_gSM-0p25_gDM-1p0_v2_13TeV-powheg/RunIISummer16MiniAODv2-PUMoriond17_80X_mcRun2_asymptotic_2016_TrancheIV_v6-v1/MINIAODSIM,299800,1,1.0,0.00333555703803,,80X_mcRun2_asymptotic_2016_TrancheIV_v8,FALSE,POWHEG,NONE,
DMV_NNPDF30_Axial_Mphi-1750_Mchi-400_gSM-0p25_gDM-1p0_v2_13TeV-powheg,/DMV_NNPDF30_Axial_Mphi-1750_Mchi-400_gSM-0p25_gDM-1p0_v2_13TeV-powheg/RunIISummer16MiniAODv2-PUMoriond17_80X_mcRun2_asymptotic_2016_TrancheIV_v6-v1/MINIAODSIM,298400,1,1.0,0.00335120643432,,80X_mcRun2_asymptotic_2016_TrancheIV_v8,FALSE,POWHEG,NONE,
DMV_NNPDF30_Axial_Mphi-1750_Mchi-500_gSM-0p25_gDM-1p0_v2_13TeV-powheg,/DMV_NNPDF30_Axial_Mphi-1750_Mchi-500_gSM-0p25_gDM-1p0_v2_13TeV-powheg/RunIISummer16MiniAODv2-PUMoriond17_80X_mcRun2_asymptotic_2016_TrancheIV_v6-v1/MINIAODSIM,300000,1,1.0,0.00333333333333,,80X_mcRun2_asymptotic_2016_TrancheIV_v8,FALSE,POWHEG,NONE,
DMV_NNPDF30_Axial_Mphi-2000_Mchi-100_gSM-0p25_gDM-1p0_v2_13TeV-powheg,/DMV_NNPDF30_Axial_Mphi-2000_Mchi-100_gSM-0p25_gDM-1p0_v2_13TeV-powheg/RunIISummer16MiniAODv2-PUMoriond17_80X_mcRun2_asymptotic_2016_TrancheIV_v6-v1/MINIAODSIM,300000,1,1.0,0.00333333333333,,80X_mcRun2_asymptotic_2016_TrancheIV_v8,FALSE,POWHEG,NONE,
DMV_NNPDF30_Axial_Mphi-2000_Mchi-150_gSM-0p25_gDM-1p0_v2_13TeV-powheg,/DMV_NNPDF30_Axial_Mphi-2000_Mchi-150_gSM-0p25_gDM-1p0_v2_13TeV-powheg/RunIISummer16MiniAODv2-PUMoriond17_80X_mcRun2_asymptotic_2016_TrancheIV_v6-v1/MINIAODSIM,300000,1,1.0,0.00333333333333,,80X_mcRun2_asymptotic_2016_TrancheIV_v8,FALSE,POWHEG,NONE,
DMV_NNPDF30_Axial_Mphi-2000_Mchi-1_gSM-0p25_gDM-1p0_v2_13TeV-powheg,/DMV_NNPDF30_Axial_Mphi-2000_Mchi-1_gSM-0p25_gDM-1p0_v2_13TeV-powheg/RunIISummer16MiniAODv2-PUMoriond17_80X_mcRun2_asymptotic_2016_TrancheIV_v6-v1/MINIAODSIM,300000,1,1.0,0.00333333333333,,80X_mcRun2_asymptotic_2016_TrancheIV_v8,FALSE,POWHEG,NONE,
DMV_NNPDF30_Axial_Mphi-2000_Mchi-200_gSM-0p25_gDM-1p0_v2_13TeV-powheg,/DMV_NNPDF30_Axial_Mphi-2000_Mchi-200_gSM-0p25_gDM-1p0_v2_13TeV-powheg/RunIISummer16MiniAODv2-PUMoriond17_80X_mcRun2_asymptotic_2016_TrancheIV_v6-v1/MINIAODSIM,299200,1,1.0,0.0033422459893,,80X_mcRun2_asymptotic_2016_TrancheIV_v8,FALSE,POWHEG,NONE,
DMV_NNPDF30_Axial_Mphi-2000_Mchi-300_gSM-0p25_gDM-1p0_v2_13TeV-powheg,/DMV_NNPDF30_Axial_Mphi-2000_Mchi-300_gSM-0p25_gDM-1p0_v2_13TeV-powheg/RunIISummer16MiniAODv2-PUMoriond17_80X_mcRun2_asymptotic_2016_TrancheIV_v6-v1/MINIAODSIM,299400,1,1.0,0.00334001336005,,80X_mcRun2_asymptotic_2016_TrancheIV_v8,FALSE,POWHEG,NONE,
DMV_NNPDF30_Axial_Mphi-2000_Mchi-400_gSM-0p25_gDM-1p0_v2_13TeV-powheg,/DMV_NNPDF30_Axial_Mphi-2000_Mchi-400_gSM-0p25_gDM-1p0_v2_13TeV-powheg/RunIISummer16MiniAODv2-PUMoriond17_80X_mcRun2_asymptotic_2016_TrancheIV_v6-v1/MINIAODSIM,300000,1,1.0,0.00333333333333,,80X_mcRun2_asymptotic_2016_TrancheIV_v8,FALSE,POWHEG,NONE,
DMV_NNPDF30_Axial_Mphi-2000_Mchi-500_gSM-0p25_gDM-1p0_v2_13TeV-powheg,/DMV_NNPDF30_Axial_Mphi-2000_Mchi-500_gSM-0p25_gDM-1p0_v2_13TeV-powheg/RunIISummer16MiniAODv2-PUMoriond17_80X_mcRun2_asymptotic_2016_TrancheIV_v6-v1/MINIAODSIM,289202,1,1.0,0.00345779074834,,80X_mcRun2_asymptotic_2016_TrancheIV_v8,FALSE,POWHEG,NONE,
DMV_NNPDF30_Axial_Mphi-2250_Mchi-100_gSM-0p25_gDM-1p0_v2_13TeV-powheg,/DMV_NNPDF30_Axial_Mphi-2250_Mchi-100_gSM-0p25_gDM-1p0_v2_13TeV-powheg/RunIISummer16MiniAODv2-PUMoriond17_80X_mcRun2_asymptotic_2016_TrancheIV_v6-v1/MINIAODSIM,300000,1,1.0,0.00333333333333,,80X_mcRun2_asymptotic_2016_TrancheIV_v8,FALSE,POWHEG,NONE,
DMV_NNPDF30_Axial_Mphi-2250_Mchi-10_gSM-0p25_gDM-1p0_v2_13TeV-powheg,/DMV_NNPDF30_Axial_Mphi-2250_Mchi-10_gSM-0p25_gDM-1p0_v2_13TeV-powheg/RunIISummer16MiniAODv2-PUMoriond17_80X_mcRun2_asymptotic_2016_TrancheIV_v6-v1/MINIAODSIM,300000,1,1.0,0.00333333333333,,80X_mcRun2_asymptotic_2016_TrancheIV_v8,FALSE,POWHEG,NONE,
DMV_NNPDF30_Axial_Mphi-2250_Mchi-150_gSM-0p25_gDM-1p0_v2_13TeV-powheg,/DMV_NNPDF30_Axial_Mphi-2250_Mchi-150_gSM-0p25_gDM-1p0_v2_13TeV-powheg/RunIISummer16MiniAODv2-PUMoriond17_80X_mcRun2_asymptotic_2016_TrancheIV_v6-v1/MINIAODSIM,300000,1,1.0,0.00333333333333,,80X_mcRun2_asymptotic_2016_TrancheIV_v8,FALSE,POWHEG,NONE,
DMV_NNPDF30_Axial_Mphi-2250_Mchi-1_gSM-0p25_gDM-1p0_v2_13TeV-powheg,/DMV_NNPDF30_Axial_Mphi-2250_Mchi-1_gSM-0p25_gDM-1p0_v2_13TeV-powheg/RunIISummer16MiniAODv2-PUMoriond17_80X_mcRun2_asymptotic_2016_TrancheIV_v6-v1/MINIAODSIM,299404,1,1.0,0.00333996873789,,80X_mcRun2_asymptotic_2016_TrancheIV_v8,FALSE,POWHEG,NONE,
DMV_NNPDF30_Axial_Mphi-2250_Mchi-200_gSM-0p25_gDM-1p0_v2_13TeV-powheg,/DMV_NNPDF30_Axial_Mphi-2250_Mchi-200_gSM-0p25_gDM-1p0_v2_13TeV-powheg/RunIISummer16MiniAODv2-PUMoriond17_80X_mcRun2_asymptotic_2016_TrancheIV_v6-v1/MINIAODSIM,300000,1,1.0,0.00333333333333,,80X_mcRun2_asymptotic_2016_TrancheIV_v8,FALSE,POWHEG,NONE,
DMV_NNPDF30_Axial_Mphi-2250_Mchi-300_gSM-0p25_gDM-1p0_v2_13TeV-powheg,/DMV_NNPDF30_Axial_Mphi-2250_Mchi-300_gSM-0p25_gDM-1p0_v2_13TeV-powheg/RunIISummer16MiniAODv2-PUMoriond17_80X_mcRun2_asymptotic_2016_TrancheIV_v6-v1/MINIAODSIM,300000,1,1.0,0.00333333333333,,80X_mcRun2_asymptotic_2016_TrancheIV_v8,FALSE,POWHEG,NONE,
DMV_NNPDF30_Axial_Mphi-2250_Mchi-400_gSM-0p25_gDM-1p0_v2_13TeV-powheg,/DMV_NNPDF30_Axial_Mphi-2250_Mchi-400_gSM-0p25_gDM-1p0_v2_13TeV-powheg/RunIISummer16MiniAODv2-PUMoriond17_80X_mcRun2_asymptotic_2016_TrancheIV_v6-v1/MINIAODSIM,300000,1,1.0,0.00333333333333,,80X_mcRun2_asymptotic_2016_TrancheIV_v8,FALSE,POWHEG,NONE,
DMV_NNPDF30_Axial_Mphi-2250_Mchi-500_gSM-0p25_gDM-1p0_v2_13TeV-powheg,/DMV_NNPDF30_Axial_Mphi-2250_Mchi-500_gSM-0p25_gDM-1p0_v2_13TeV-powheg/RunIISummer16MiniAODv2-PUMoriond17_80X_mcRun2_asymptotic_2016_TrancheIV_v6-v1/MINIAODSIM,299563,1,1.0,0.00333819597213,,80X_mcRun2_asymptotic_2016_TrancheIV_v8,FALSE,POWHEG,NONE,
DMV_NNPDF30_Axial_Mphi-2500_Mchi-1_gSM-0p25_gDM-1p0_v2_13TeV-powheg,/DMV_NNPDF30_Axial_Mphi-2500_Mchi-1_gSM-0p25_gDM-1p0_v2_13TeV-powheg/RunIISummer16MiniAODv2-PUMoriond17_80X_mcRun2_asymptotic_2016_TrancheIV_v6-v1/MINIAODSIM,300000,1,1.0,0.00333333333333,,80X_mcRun2_asymptotic_2016_TrancheIV_v8,FALSE,POWHEG,NONE,
DMV_NNPDF30_Axial_Mphi-2500_Mchi-300_gSM-0p25_gDM-1p0_v2_13TeV-powheg,/DMV_NNPDF30_Axial_Mphi-2500_Mchi-300_gSM-0p25_gDM-1p0_v2_13TeV-powheg/RunIISummer16MiniAODv2-PUMoriond17_80X_mcRun2_asymptotic_2016_TrancheIV_v6-v1/MINIAODSIM,300000,1,1.0,0.00333333333333,,80X_mcRun2_asymptotic_2016_TrancheIV_v8,FALSE,POWHEG,NONE,
DMV_NNPDF30_Axial_Mphi-2500_Mchi-600_gSM-0p25_gDM-1p0_v2_13TeV-powheg,/DMV_NNPDF30_Axial_Mphi-2500_Mchi-600_gSM-0p25_gDM-1p0_v2_13TeV-powheg/RunIISummer16MiniAODv2-PUMoriond17_80X_mcRun2_asymptotic_2016_TrancheIV_v6-v1/MINIAODSIM,300000,1,1.0,0.00333333333333,,80X_mcRun2_asymptotic_2016_TrancheIV_v8,FALSE,POWHEG,NONE,
DMV_NNPDF30_Axial_Mphi-2500_Mchi-700_gSM-0p25_gDM-1p0_v2_13TeV-powheg,/DMV_NNPDF30_Axial_Mphi-2500_Mchi-700_gSM-0p25_gDM-1p0_v2_13TeV-powheg/RunIISummer16MiniAODv2-PUMoriond17_80X_mcRun2_asymptotic_2016_TrancheIV_v6-v1/MINIAODSIM,299282,1,1.0,0.0033413302504,,80X_mcRun2_asymptotic_2016_TrancheIV_v8,FALSE,POWHEG,NONE,
DMV_NNPDF30_Axial_Mphi-300_Mchi-100_gSM-0p25_gDM-1p0_v2_13TeV-powheg,/DMV_NNPDF30_Axial_Mphi-300_Mchi-100_gSM-0p25_gDM-1p0_v2_13TeV-powheg/RunIISummer16MiniAODv2-PUMoriond17_80X_mcRun2_asymptotic_2016_TrancheIV_v6-v1/MINIAODSIM,299800,1,1.0,0.00333555703803,,80X_mcRun2_asymptotic_2016_TrancheIV_v8,FALSE,POWHEG,NONE,
DMV_NNPDF30_Axial_Mphi-300_Mchi-1_gSM-0p25_gDM-1p0_v2_13TeV-powheg,/DMV_NNPDF30_Axial_Mphi-300_Mchi-1_gSM-0p25_gDM-1p0_v2_13TeV-powheg/RunIISummer16MiniAODv2-PUMoriond17_80X_mcRun2_asymptotic_2016_TrancheIV_v6-v1/MINIAODSIM,300000,1,1.0,0.00333333333333,,80X_mcRun2_asymptotic_2016_TrancheIV_v8,FALSE,POWHEG,NONE,
DMV_NNPDF30_Axial_Mphi-300_Mchi-300_gSM-0p25_gDM-1p0_v2_13TeV-powheg,/DMV_NNPDF30_Axial_Mphi-300_Mchi-300_gSM-0p25_gDM-1p0_v2_13TeV-powheg/RunIISummer16MiniAODv2-PUMoriond17_80X_mcRun2_asymptotic_2016_TrancheIV_v6-v1/MINIAODSIM,300000,1,1.0,0.00333333333333,,80X_mcRun2_asymptotic_2016_TrancheIV_v8,FALSE,POWHEG,NONE,
DMV_NNPDF30_Axial_Mphi-300_Mchi-400_gSM-0p25_gDM-1p0_v2_13TeV-powheg,/DMV_NNPDF30_Axial_Mphi-300_Mchi-400_gSM-0p25_gDM-1p0_v2_13TeV-powheg/RunIISummer16MiniAODv2-PUMoriond17_80X_mcRun2_asymptotic_2016_TrancheIV_v6-v1/MINIAODSIM,300000,1,1.0,0.00333333333333,,80X_mcRun2_asymptotic_2016_TrancheIV_v8,FALSE,POWHEG,NONE,
DMV_NNPDF30_Axial_Mphi-500_Mchi-150_gSM-0p25_gDM-1p0_v2_13TeV-powheg,/DMV_NNPDF30_Axial_Mphi-500_Mchi-150_gSM-0p25_gDM-1p0_v2_13TeV-powheg/RunIISummer16MiniAODv2-PUMoriond17_80X_mcRun2_asymptotic_2016_TrancheIV_v6-v1/MINIAODSIM,300000,1,1.0,0.00333333333333,,80X_mcRun2_asymptotic_2016_TrancheIV_v8,FALSE,POWHEG,NONE,
DMV_NNPDF30_Axial_Mphi-500_Mchi-1_gSM-0p25_gDM-1p0_v2_13TeV-powheg,/DMV_NNPDF30_Axial_Mphi-500_Mchi-1_gSM-0p25_gDM-1p0_v2_13TeV-powheg/RunIISummer16MiniAODv2-PUMoriond17_80X_mcRun2_asymptotic_2016_TrancheIV_v6-v1/MINIAODSIM,300000,1,1.0,0.00333333333333,,80X_mcRun2_asymptotic_2016_TrancheIV_v8,FALSE,POWHEG,NONE,
DMV_NNPDF30_Axial_Mphi-500_Mchi-200_gSM-0p25_gDM-1p0_v2_13TeV-powheg,/DMV_NNPDF30_Axial_Mphi-500_Mchi-200_gSM-0p25_gDM-1p0_v2_13TeV-powheg/RunIISummer16MiniAODv2-PUMoriond17_80X_mcRun2_asymptotic_2016_TrancheIV_v6-v1/MINIAODSIM,292761,1,1.0,0.00341575551388,,80X_mcRun2_asymptotic_2016_TrancheIV_v8,FALSE,POWHEG,NONE,
DMV_NNPDF30_Axial_Mphi-500_Mchi-300_gSM-0p25_gDM-1p0_v2_13TeV-powheg,/DMV_NNPDF30_Axial_Mphi-500_Mchi-300_gSM-0p25_gDM-1p0_v2_13TeV-powheg/RunIISummer16MiniAODv2-PUMoriond17_80X_mcRun2_asymptotic_2016_TrancheIV_v6-v1/MINIAODSIM,300000,1,1.0,0.00333333333333,,80X_mcRun2_asymptotic_2016_TrancheIV_v8,FALSE,POWHEG,NONE,
DMV_NNPDF30_Axial_Mphi-500_Mchi-500_gSM-0p25_gDM-1p0_v2_13TeV-powheg,/DMV_NNPDF30_Axial_Mphi-500_Mchi-500_gSM-0p25_gDM-1p0_v2_13TeV-powheg/RunIISummer16MiniAODv2-PUMoriond17_80X_mcRun2_asymptotic_2016_TrancheIV_v6-v1/MINIAODSIM,292800,1,1.0,0.00341530054645,,80X_mcRun2_asymptotic_2016_TrancheIV_v8,FALSE,POWHEG,NONE,
DMV_NNPDF30_Axial_Mphi-750_Mchi-1_gSM-0p25_gDM-1p0_v2_13TeV-powheg,/DMV_NNPDF30_Axial_Mphi-750_Mchi-1_gSM-0p25_gDM-1p0_v2_13TeV-powheg/RunIISummer16MiniAODv2-PUMoriond17_80X_mcRun2_asymptotic_2016_TrancheIV_v6-v1/MINIAODSIM,300000,1,1.0,0.00333333333333,,80X_mcRun2_asymptotic_2016_TrancheIV_v8,FALSE,POWHEG,NONE,
DMV_NNPDF30_Axial_Mphi-750_Mchi-300_gSM-0p25_gDM-1p0_v2_13TeV-powheg,/DMV_NNPDF30_Axial_Mphi-750_Mchi-300_gSM-0p25_gDM-1p0_v2_13TeV-powheg/RunIISummer16MiniAODv2-PUMoriond17_80X_mcRun2_asymptotic_2016_TrancheIV_v6-v1/MINIAODSIM,300000,1,1.0,0.00333333333333,,80X_mcRun2_asymptotic_2016_TrancheIV_v8,FALSE,POWHEG,NONE,
DMV_NNPDF30_Axial_Mphi-750_Mchi-600_gSM-0p25_gDM-1p0_v2_13TeV-powheg,/DMV_NNPDF30_Axial_Mphi-750_Mchi-600_gSM-0p25_gDM-1p0_v2_13TeV-powheg/RunIISummer16MiniAODv2-PUMoriond17_80X_mcRun2_asymptotic_2016_TrancheIV_v6-v1/MINIAODSIM,300000,1,1.0,0.00333333333333,,80X_mcRun2_asymptotic_2016_TrancheIV_v8,FALSE,POWHEG,NONE,
,,,,,,,,,,
DMV_NNPDF30_Vector_Mphi-1000_Mchi-1_gSM-0p25_gDM-1p0_v2_13TeV-powheg,/DMV_NNPDF30_Vector_Mphi-1000_Mchi-1_gSM-0p25_gDM-1p0_v2_13TeV-powheg/RunIISummer16MiniAODv2-PUMoriond17_80X_mcRun2_asymptotic_2016_TrancheIV_v6-v1/MINIAODSIM,288000,1,1.0,0.00347222222222,,80X_mcRun2_asymptotic_2016_TrancheIV_v8,FALSE,POWHEG,NONE,
DMV_NNPDF30_Vector_Mphi-1000_Mchi-300_gSM-0p25_gDM-1p0_v2_13TeV-powheg,/DMV_NNPDF30_Vector_Mphi-1000_Mchi-300_gSM-0p25_gDM-1p0_v2_13TeV-powheg/RunIISummer16MiniAODv2-PUMoriond17_80X_mcRun2_asymptotic_2016_TrancheIV_v6-v1/MINIAODSIM,300000,1,1.0,0.00333333333333,,80X_mcRun2_asymptotic_2016_TrancheIV_v8,FALSE,POWHEG,NONE,
DMV_NNPDF30_Vector_Mphi-1000_Mchi-400_gSM-0p25_gDM-1p0_v2_13TeV-powheg,/DMV_NNPDF30_Vector_Mphi-1000_Mchi-400_gSM-0p25_gDM-1p0_v2_13TeV-powheg/RunIISummer16MiniAODv2-PUMoriond17_80X_mcRun2_asymptotic_2016_TrancheIV_v6-v1/MINIAODSIM,299200,1,1.0,0.0033422459893,,80X_mcRun2_asymptotic_2016_TrancheIV_v8,FALSE,POWHEG,NONE,
DMV_NNPDF30_Vector_Mphi-1000_Mchi-600_gSM-0p25_gDM-1p0_v2_13TeV-powheg,/DMV_NNPDF30_Vector_Mphi-1000_Mchi-600_gSM-0p25_gDM-1p0_v2_13TeV-powheg/RunIISummer16MiniAODv2-PUMoriond17_80X_mcRun2_asymptotic_2016_TrancheIV_v6-v1/MINIAODSIM,300000,1,1.0,0.00333333333333,,80X_mcRun2_asymptotic_2016_TrancheIV_v8,FALSE,POWHEG,NONE,
DMV_NNPDF30_Vector_Mphi-100_Mchi-1_gSM-0p25_gDM-1p0_v2_13TeV-powheg,/DMV_NNPDF30_Vector_Mphi-100_Mchi-1_gSM-0p25_gDM-1p0_v2_13TeV-powheg/RunIISummer16MiniAODv2-PUMoriond17_80X_mcRun2_asymptotic_2016_TrancheIV_v6-v1/MINIAODSIM,300000,1,1.0,0.00333333333333,,80X_mcRun2_asymptotic_2016_TrancheIV_v8,FALSE,POWHEG,NONE,
DMV_NNPDF30_Vector_Mphi-100_Mchi-200_gSM-0p25_gDM-1p0_v2_13TeV-powheg,/DMV_NNPDF30_Vector_Mphi-100_Mchi-200_gSM-0p25_gDM-1p0_v2_13TeV-powheg/RunIISummer16MiniAODv2-PUMoriond17_80X_mcRun2_asymptotic_2016_TrancheIV_v6-v1/MINIAODSIM,300000,1,1.0,0.00333333333333,,80X_mcRun2_asymptotic_2016_TrancheIV_v8,FALSE,POWHEG,NONE,
DMV_NNPDF30_Vector_Mphi-100_Mchi-40_gSM-0p25_gDM-1p0_v2_13TeV-powheg,/DMV_NNPDF30_Vector_Mphi-100_Mchi-40_gSM-0p25_gDM-1p0_v2_13TeV-powheg/RunIISummer16MiniAODv2-PUMoriond17_80X_mcRun2_asymptotic_2016_TrancheIV_v6-v1/MINIAODSIM,298422,1,1.0,0.00335095937967,,80X_mcRun2_asymptotic_2016_TrancheIV_v8,FALSE,POWHEG,NONE,
DMV_NNPDF30_Vector_Mphi-10_Mchi-1_gSM-0p25_gDM-1p0_v2_13TeV-powheg,/DMV_NNPDF30_Vector_Mphi-10_Mchi-1_gSM-0p25_gDM-1p0_v2_13TeV-powheg/RunIISummer16MiniAODv2-PUMoriond17_80X_mcRun2_asymptotic_2016_TrancheIV_v6-v1/MINIAODSIM,300000,1,1.0,0.00333333333333,,80X_mcRun2_asymptotic_2016_TrancheIV_v8,FALSE,POWHEG,NONE,
DMV_NNPDF30_Vector_Mphi-1500_Mchi-1_gSM-0p25_gDM-1p0_v2_13TeV-powheg,/DMV_NNPDF30_Vector_Mphi-1500_Mchi-1_gSM-0p25_gDM-1p0_v2_13TeV-powheg/RunIISummer16MiniAODv2-PUMoriond17_80X_mcRun2_asymptotic_2016_TrancheIV_v6-v1/MINIAODSIM,296400,1,1.0,0.00337381916329,,80X_mcRun2_asymptotic_2016_TrancheIV_v8,FALSE,POWHEG,NONE,
DMV_NNPDF30_Vector_Mphi-1500_Mchi-300_gSM-0p25_gDM-1p0_v2_13TeV-powheg,/DMV_NNPDF30_Vector_Mphi-1500_Mchi-300_gSM-0p25_gDM-1p0_v2_13TeV-powheg/RunIISummer16MiniAODv2-PUMoriond17_80X_mcRun2_asymptotic_2016_TrancheIV_v6-v1/MINIAODSIM,298800,1,1.0,0.00334672021419,,80X_mcRun2_asymptotic_2016_TrancheIV_v8,FALSE,POWHEG,NONE,
DMV_NNPDF30_Vector_Mphi-1500_Mchi-600_gSM-0p25_gDM-1p0_v2_13TeV-powheg,/DMV_NNPDF30_Vector_Mphi-1500_Mchi-600_gSM-0p25_gDM-1p0_v2_13TeV-powheg/RunIISummer16MiniAODv2-PUMoriond17_80X_mcRun2_asymptotic_2016_TrancheIV_v6-v2/MINIAODSIM,300000,1,1.0,0.00333333333333,,80X_mcRun2_asymptotic_2016_TrancheIV_v8,FALSE,POWHEG,NONE,
DMV_NNPDF30_Vector_Mphi-1750_Mchi-100_gSM-0p25_gDM-1p0_v2_13TeV-powheg,/DMV_NNPDF30_Vector_Mphi-1750_Mchi-100_gSM-0p25_gDM-1p0_v2_13TeV-powheg/RunIISummer16MiniAODv2-PUMoriond17_80X_mcRun2_asymptotic_2016_TrancheIV_v6-v1/MINIAODSIM,299600,1,1.0,0.00333778371162,,80X_mcRun2_asymptotic_2016_TrancheIV_v8,FALSE,POWHEG,NONE,
DMV_NNPDF30_Vector_Mphi-1750_Mchi-10_gSM-0p25_gDM-1p0_v2_13TeV-powheg,/DMV_NNPDF30_Vector_Mphi-1750_Mchi-10_gSM-0p25_gDM-1p0_v2_13TeV-powheg/RunIISummer16MiniAODv2-PUMoriond17_80X_mcRun2_asymptotic_2016_TrancheIV_v6-v1/MINIAODSIM,300000,1,1.0,0.00333333333333,,80X_mcRun2_asymptotic_2016_TrancheIV_v8,FALSE,POWHEG,NONE,
DMV_NNPDF30_Vector_Mphi-1750_Mchi-150_gSM-0p25_gDM-1p0_v2_13TeV-powheg,/DMV_NNPDF30_Vector_Mphi-1750_Mchi-150_gSM-0p25_gDM-1p0_v2_13TeV-powheg/RunIISummer16MiniAODv2-PUMoriond17_80X_mcRun2_asymptotic_2016_TrancheIV_v6-v1/MINIAODSIM,299400,1,1.0,0.00334001336005,,80X_mcRun2_asymptotic_2016_TrancheIV_v8,FALSE,POWHEG,NONE,
DMV_NNPDF30_Vector_Mphi-1750_Mchi-1_gSM-0p25_gDM-1p0_v2_13TeV-powheg,/DMV_NNPDF30_Vector_Mphi-1750_Mchi-1_gSM-0p25_gDM-1p0_v2_13TeV-powheg/RunIISummer16MiniAODv2-PUMoriond17_80X_mcRun2_asymptotic_2016_TrancheIV_v6-v1/MINIAODSIM,285800,1,1.0,0.00349895031491,,80X_mcRun2_asymptotic_2016_TrancheIV_v8,FALSE,POWHEG,NONE,
DMV_NNPDF30_Vector_Mphi-1750_Mchi-200_gSM-0p25_gDM-1p0_v2_13TeV-powheg,/DMV_NNPDF30_Vector_Mphi-1750_Mchi-200_gSM-0p25_gDM-1p0_v2_13TeV-powheg/RunIISummer16MiniAODv2-PUMoriond17_80X_mcRun2_asymptotic_2016_TrancheIV_v6-v1/MINIAODSIM,300000,1,1.0,0.00333333333333,,80X_mcRun2_asymptotic_2016_TrancheIV_v8,FALSE,POWHEG,NONE,
DMV_NNPDF30_Vector_Mphi-1750_Mchi-300_gSM-0p25_gDM-1p0_v2_13TeV-powheg,/DMV_NNPDF30_Vector_Mphi-1750_Mchi-300_gSM-0p25_gDM-1p0_v2_13TeV-powheg/RunIISummer16MiniAODv2-PUMoriond17_80X_mcRun2_asymptotic_2016_TrancheIV_v6-v1/MINIAODSIM,300000,1,1.0,0.00333333333333,,80X_mcRun2_asymptotic_2016_TrancheIV_v8,FALSE,POWHEG,NONE,
DMV_NNPDF30_Vector_Mphi-1750_Mchi-400_gSM-0p25_gDM-1p0_v2_13TeV-powheg,/DMV_NNPDF30_Vector_Mphi-1750_Mchi-400_gSM-0p25_gDM-1p0_v2_13TeV-powheg/RunIISummer16MiniAODv2-PUMoriond17_80X_mcRun2_asymptotic_2016_TrancheIV_v6-v1/MINIAODSIM,299600,1,1.0,0.00333778371162,,80X_mcRun2_asymptotic_2016_TrancheIV_v8,FALSE,POWHEG,NONE,
DMV_NNPDF30_Vector_Mphi-1750_Mchi-500_gSM-0p25_gDM-1p0_v2_13TeV-powheg,/DMV_NNPDF30_Vector_Mphi-1750_Mchi-500_gSM-0p25_gDM-1p0_v2_13TeV-powheg/RunIISummer16MiniAODv2-PUMoriond17_80X_mcRun2_asymptotic_2016_TrancheIV_v6-v1/MINIAODSIM,300000,1,1.0,0.00333333333333,,80X_mcRun2_asymptotic_2016_TrancheIV_v8,FALSE,POWHEG,NONE,
DMV_NNPDF30_Vector_Mphi-2000_Mchi-100_gSM-0p25_gDM-1p0_v2_13TeV-powheg,/DMV_NNPDF30_Vector_Mphi-2000_Mchi-100_gSM-0p25_gDM-1p0_v2_13TeV-powheg/RunIISummer16MiniAODv2-PUMoriond17_80X_mcRun2_asymptotic_2016_TrancheIV_v6-v1/MINIAODSIM,291000,1,1.0,0.00343642611684,,80X_mcRun2_asymptotic_2016_TrancheIV_v8,FALSE,POWHEG,NONE,
DMV_NNPDF30_Vector_Mphi-2000_Mchi-10_gSM-0p25_gDM-1p0_v2_13TeV-powheg,/DMV_NNPDF30_Vector_Mphi-2000_Mchi-10_gSM-0p25_gDM-1p0_v2_13TeV-powheg/RunIISummer16MiniAODv2-PUMoriond17_80X_mcRun2_asymptotic_2016_TrancheIV_v6-v1/MINIAODSIM,300000,1,1.0,0.00333333333333,,80X_mcRun2_asymptotic_2016_TrancheIV_v8,FALSE,POWHEG,NONE,
DMV_NNPDF30_Vector_Mphi-2000_Mchi-150_gSM-0p25_gDM-1p0_v2_13TeV-powheg,/DMV_NNPDF30_Vector_Mphi-2000_Mchi-150_gSM-0p25_gDM-1p0_v2_13TeV-powheg/RunIISummer16MiniAODv2-PUMoriond17_80X_mcRun2_asymptotic_2016_TrancheIV_v6-v1/MINIAODSIM,296800,1,1.0,0.0033692722372,,80X_mcRun2_asymptotic_2016_TrancheIV_v8,FALSE,POWHEG,NONE,
DMV_NNPDF30_Vector_Mphi-2000_Mchi-1_gSM-0p25_gDM-1p0_v2_13TeV-powheg,/DMV_NNPDF30_Vector_Mphi-2000_Mchi-1_gSM-0p25_gDM-1p0_v2_13TeV-powheg/RunIISummer16MiniAODv2-PUMoriond17_80X_mcRun2_asymptotic_2016_TrancheIV_v6-v1/MINIAODSIM,300000,1,1.0,0.00333333333333,,80X_mcRun2_asymptotic_2016_TrancheIV_v8,FALSE,POWHEG,NONE,
DMV_NNPDF30_Vector_Mphi-2000_Mchi-200_gSM-0p25_gDM-1p0_v2_13TeV-powheg,/DMV_NNPDF30_Vector_Mphi-2000_Mchi-200_gSM-0p25_gDM-1p0_v2_13TeV-powheg/RunIISummer16MiniAODv2-PUMoriond17_80X_mcRun2_asymptotic_2016_TrancheIV_v6-v1/MINIAODSIM,299800,1,1.0,0.00333555703803,,80X_mcRun2_asymptotic_2016_TrancheIV_v8,FALSE,POWHEG,NONE,
DMV_NNPDF30_Vector_Mphi-2000_Mchi-300_gSM-0p25_gDM-1p0_v2_13TeV-powheg,/DMV_NNPDF30_Vector_Mphi-2000_Mchi-300_gSM-0p25_gDM-1p0_v2_13TeV-powheg/RunIISummer16MiniAODv2-PUMoriond17_80X_mcRun2_asymptotic_2016_TrancheIV_v6-v1/MINIAODSIM,299200,1,1.0,0.0033422459893,,80X_mcRun2_asymptotic_2016_TrancheIV_v8,FALSE,POWHEG,NONE,
DMV_NNPDF30_Vector_Mphi-2000_Mchi-400_gSM-0p25_gDM-1p0_v2_13TeV-powheg,/DMV_NNPDF30_Vector_Mphi-2000_Mchi-400_gSM-0p25_gDM-1p0_v2_13TeV-powheg/RunIISummer16MiniAODv2-PUMoriond17_80X_mcRun2_asymptotic_2016_TrancheIV_v6-v1/MINIAODSIM,298800,1,1.0,0.00334672021419,,80X_mcRun2_asymptotic_2016_TrancheIV_v8,FALSE,POWHEG,NONE,
DMV_NNPDF30_Vector_Mphi-2000_Mchi-500_gSM-0p25_gDM-1p0_v2_13TeV-powheg,/DMV_NNPDF30_Vector_Mphi-2000_Mchi-500_gSM-0p25_gDM-1p0_v2_13TeV-powheg/RunIISummer16MiniAODv2-PUMoriond17_80X_mcRun2_asymptotic_2016_TrancheIV_v6-v1/MINIAODSIM,297600,1,1.0,0.00336021505376,,80X_mcRun2_asymptotic_2016_TrancheIV_v8,FALSE,POWHEG,NONE,
DMV_NNPDF30_Vector_Mphi-2250_Mchi-100_gSM-0p25_gDM-1p0_v2_13TeV-powheg,/DMV_NNPDF30_Vector_Mphi-2250_Mchi-100_gSM-0p25_gDM-1p0_v2_13TeV-powheg/RunIISummer16MiniAODv2-PUMoriond17_80X_mcRun2_asymptotic_2016_TrancheIV_v6-v1/MINIAODSIM,299162,1,1.0,0.00334267052634,,80X_mcRun2_asymptotic_2016_TrancheIV_v8,FALSE,POWHEG,NONE,
DMV_NNPDF30_Vector_Mphi-2250_Mchi-10_gSM-0p25_gDM-1p0_v2_13TeV-powheg,/DMV_NNPDF30_Vector_Mphi-2250_Mchi-10_gSM-0p25_gDM-1p0_v2_13TeV-powheg/RunIISummer16MiniAODv2-PUMoriond17_80X_mcRun2_asymptotic_2016_TrancheIV_v6-v1/MINIAODSIM,300000,1,1.0,0.00333333333333,,80X_mcRun2_asymptotic_2016_TrancheIV_v8,FALSE,POWHEG,NONE,
DMV_NNPDF30_Vector_Mphi-2250_Mchi-150_gSM-0p25_gDM-1p0_v2_13TeV-powheg,/DMV_NNPDF30_Vector_Mphi-2250_Mchi-150_gSM-0p25_gDM-1p0_v2_13TeV-powheg/RunIISummer16MiniAODv2-PUMoriond17_80X_mcRun2_asymptotic_2016_TrancheIV_v6-v1/MINIAODSIM,299501,1,1.0,0.0033388870154,,80X_mcRun2_asymptotic_2016_TrancheIV_v8,FALSE,POWHEG,NONE,
DMV_NNPDF30_Vector_Mphi-2250_Mchi-1_gSM-0p25_gDM-1p0_v2_13TeV-powheg,/DMV_NNPDF30_Vector_Mphi-2250_Mchi-1_gSM-0p25_gDM-1p0_v2_13TeV-powheg/RunIISummer16MiniAODv2-PUMoriond17_80X_mcRun2_asymptotic_2016_TrancheIV_v6-v1/MINIAODSIM,300000,1,1.0,0.00333333333333,,80X_mcRun2_asymptotic_2016_TrancheIV_v8,FALSE,POWHEG,NONE,
DMV_NNPDF30_Vector_Mphi-2250_Mchi-200_gSM-0p25_gDM-1p0_v2_13TeV-powheg,/DMV_NNPDF30_Vector_Mphi-2250_Mchi-200_gSM-0p25_gDM-1p0_v2_13TeV-powheg/RunIISummer16MiniAODv2-PUMoriond17_80X_mcRun2_asymptotic_2016_TrancheIV_v6-v1/MINIAODSIM,300000,1,1.0,0.00333333333333,,80X_mcRun2_asymptotic_2016_TrancheIV_v8,FALSE,POWHEG,NONE,
DMV_NNPDF30_Vector_Mphi-2250_Mchi-300_gSM-0p25_gDM-1p0_v2_13TeV-powheg,/DMV_NNPDF30_Vector_Mphi-2250_Mchi-300_gSM-0p25_gDM-1p0_v2_13TeV-powheg/RunIISummer16MiniAODv2-PUMoriond17_80X_mcRun2_asymptotic_2016_TrancheIV_v6-v1/MINIAODSIM,297970,1,1.0,0.00335604255462,,80X_mcRun2_asymptotic_2016_TrancheIV_v8,FALSE,POWHEG,NONE,
DMV_NNPDF30_Vector_Mphi-2250_Mchi-400_gSM-0p25_gDM-1p0_v2_13TeV-powheg,/DMV_NNPDF30_Vector_Mphi-2250_Mchi-400_gSM-0p25_gDM-1p0_v2_13TeV-powheg/RunIISummer16MiniAODv2-PUMoriond17_80X_mcRun2_asymptotic_2016_TrancheIV_v6-v1/MINIAODSIM,300000,1,1.0,0.00333333333333,,80X_mcRun2_asymptotic_2016_TrancheIV_v8,FALSE,POWHEG,NONE,
DMV_NNPDF30_Vector_Mphi-2250_Mchi-500_gSM-0p25_gDM-1p0_v2_13TeV-powheg,/DMV_NNPDF30_Vector_Mphi-2250_Mchi-500_gSM-0p25_gDM-1p0_v2_13TeV-powheg/RunIISummer16MiniAODv2-PUMoriond17_80X_mcRun2_asymptotic_2016_TrancheIV_v6-v1/MINIAODSIM,298890,1,1.0,0.00334571246947,,80X_mcRun2_asymptotic_2016_TrancheIV_v8,FALSE,POWHEG,NONE,
DMV_NNPDF30_Vector_Mphi-2500_Mchi-1_gSM-0p25_gDM-1p0_v2_13TeV-powheg,/DMV_NNPDF30_Vector_Mphi-2500_Mchi-1_gSM-0p25_gDM-1p0_v2_13TeV-powheg/RunIISummer16MiniAODv2-PUMoriond17_80X_mcRun2_asymptotic_2016_TrancheIV_v6-v1/MINIAODSIM,300000,1,1.0,0.00333333333333,,80X_mcRun2_asymptotic_2016_TrancheIV_v8,FALSE,POWHEG,NONE,
DMV_NNPDF30_Vector_Mphi-2500_Mchi-300_gSM-0p25_gDM-1p0_v2_13TeV-powheg,/DMV_NNPDF30_Vector_Mphi-2500_Mchi-300_gSM-0p25_gDM-1p0_v2_13TeV-powheg/RunIISummer16MiniAODv2-PUMoriond17_80X_mcRun2_asymptotic_2016_TrancheIV_v6-v1/MINIAODSIM,299274,1,1.0,0.00334141956869,,80X_mcRun2_asymptotic_2016_TrancheIV_v8,FALSE,POWHEG,NONE,
DMV_NNPDF30_Vector_Mphi-2500_Mchi-600_gSM-0p25_gDM-1p0_v2_13TeV-powheg,/DMV_NNPDF30_Vector_Mphi-2500_Mchi-600_gSM-0p25_gDM-1p0_v2_13TeV-powheg/RunIISummer16MiniAODv2-PUMoriond17_80X_mcRun2_asymptotic_2016_TrancheIV_v6-v1/MINIAODSIM,300000,1,1.0,0.00333333333333,,80X_mcRun2_asymptotic_2016_TrancheIV_v8,FALSE,POWHEG,NONE,
DMV_NNPDF30_Vector_Mphi-2500_Mchi-700_gSM-0p25_gDM-1p0_v2_13TeV-powheg,/DMV_NNPDF30_Vector_Mphi-2500_Mchi-700_gSM-0p25_gDM-1p0_v2_13TeV-powheg/RunIISummer16MiniAODv2-PUMoriond17_80X_mcRun2_asymptotic_2016_TrancheIV_v6-v1/MINIAODSIM,298262,1,1.0,0.00335275697206,,80X_mcRun2_asymptotic_2016_TrancheIV_v8,FALSE,POWHEG,NONE,
DMV_NNPDF30_Vector_Mphi-300_Mchi-100_gSM-0p25_gDM-1p0_v2_13TeV-powheg,/DMV_NNPDF30_Vector_Mphi-300_Mchi-100_gSM-0p25_gDM-1p0_v2_13TeV-powheg/RunIISummer16MiniAODv2-PUMoriond17_80X_mcRun2_asymptotic_2016_TrancheIV_v6-v1/MINIAODSIM,300000,1,1.0,0.00333333333333,,80X_mcRun2_asymptotic_2016_TrancheIV_v8,FALSE,POWHEG,NONE,
DMV_NNPDF30_Vector_Mphi-300_Mchi-1_gSM-0p25_gDM-1p0_v2_13TeV-powheg,/DMV_NNPDF30_Vector_Mphi-300_Mchi-1_gSM-0p25_gDM-1p0_v2_13TeV-powheg/RunIISummer16MiniAODv2-PUMoriond17_80X_mcRun2_asymptotic_2016_TrancheIV_v6-v1/MINIAODSIM,298291,1,1.0,0.00335243101535,,80X_mcRun2_asymptotic_2016_TrancheIV_v8,FALSE,POWHEG,NONE,
DMV_NNPDF30_Vector_Mphi-300_Mchi-300_gSM-0p25_gDM-1p0_v2_13TeV-powheg,/DMV_NNPDF30_Vector_Mphi-300_Mchi-300_gSM-0p25_gDM-1p0_v2_13TeV-powheg/RunIISummer16MiniAODv2-PUMoriond17_80X_mcRun2_asymptotic_2016_TrancheIV_v6-v1/MINIAODSIM,288771,1,1.0,0.00346295161218,,80X_mcRun2_asymptotic_2016_TrancheIV_v8,FALSE,POWHEG,NONE,
DMV_NNPDF30_Vector_Mphi-300_Mchi-400_gSM-0p25_gDM-1p0_v2_13TeV-powheg,/DMV_NNPDF30_Vector_Mphi-300_Mchi-400_gSM-0p25_gDM-1p0_v2_13TeV-powheg/RunIISummer16MiniAODv2-PUMoriond17_80X_mcRun2_asymptotic_2016_TrancheIV_v6-v1/MINIAODSIM,300000,1,1.0,0.00333333333333,,80X_mcRun2_asymptotic_2016_TrancheIV_v8,FALSE,POWHEG,NONE,
DMV_NNPDF30_Vector_Mphi-500_Mchi-150_gSM-0p25_gDM-1p0_v2_13TeV-powheg,/DMV_NNPDF30_Vector_Mphi-500_Mchi-150_gSM-0p25_gDM-1p0_v2_13TeV-powheg/RunIISummer16MiniAODv2-PUMoriond17_80X_mcRun2_asymptotic_2016_TrancheIV_v6-v1/MINIAODSIM,299600,1,1.0,0.00333778371162,,80X_mcRun2_asymptotic_2016_TrancheIV_v8,FALSE,POWHEG,NONE,
DMV_NNPDF30_Vector_Mphi-500_Mchi-1_gSM-0p25_gDM-1p0_v2_13TeV-powheg,/DMV_NNPDF30_Vector_Mphi-500_Mchi-1_gSM-0p25_gDM-1p0_v2_13TeV-powheg/RunIISummer16MiniAODv2-PUMoriond17_80X_mcRun2_asymptotic_2016_TrancheIV_v6-v1/MINIAODSIM,300000,1,1.0,0.00333333333333,,80X_mcRun2_asymptotic_2016_TrancheIV_v8,FALSE,POWHEG,NONE,
DMV_NNPDF30_Vector_Mphi-500_Mchi-200_gSM-0p25_gDM-1p0_v2_13TeV-powheg,/DMV_NNPDF30_Vector_Mphi-500_Mchi-200_gSM-0p25_gDM-1p0_v2_13TeV-powheg/RunIISummer16MiniAODv2-PUMoriond17_80X_mcRun2_asymptotic_2016_TrancheIV_v6-v1/MINIAODSIM,300000,1,1.0,0.00333333333333,,80X_mcRun2_asymptotic_2016_TrancheIV_v8,FALSE,POWHEG,NONE,
DMV_NNPDF30_Vector_Mphi-500_Mchi-300_gSM-0p25_gDM-1p0_v2_13TeV-powheg,/DMV_NNPDF30_Vector_Mphi-500_Mchi-300_gSM-0p25_gDM-1p0_v2_13TeV-powheg/RunIISummer16MiniAODv2-PUMoriond17_80X_mcRun2_asymptotic_2016_TrancheIV_v6-v1/MINIAODSIM,286048,1,1.0,0.00349591676921,,80X_mcRun2_asymptotic_2016_TrancheIV_v8,FALSE,POWHEG,NONE,
DMV_NNPDF30_Vector_Mphi-500_Mchi-500_gSM-0p25_gDM-1p0_v2_13TeV-powheg,/DMV_NNPDF30_Vector_Mphi-500_Mchi-500_gSM-0p25_gDM-1p0_v2_13TeV-powheg/RunIISummer16MiniAODv2-PUMoriond17_80X_mcRun2_asymptotic_2016_TrancheIV_v6-v1/MINIAODSIM,294000,1,1.0,0.00340136054422,,80X_mcRun2_asymptotic_2016_TrancheIV_v8,FALSE,POWHEG,NONE,
DMV_NNPDF30_Vector_Mphi-750_Mchi-1_gSM-0p25_gDM-1p0_v2_13TeV-powheg,/DMV_NNPDF30_Vector_Mphi-750_Mchi-1_gSM-0p25_gDM-1p0_v2_13TeV-powheg/RunIISummer16MiniAODv2-PUMoriond17_80X_mcRun2_asymptotic_2016_TrancheIV_v6-v1/MINIAODSIM,291400,1,1.0,0.00343170899108,,80X_mcRun2_asymptotic_2016_TrancheIV_v8,FALSE,POWHEG,NONE,
DMV_NNPDF30_Vector_Mphi-750_Mchi-300_gSM-0p25_gDM-1p0_v2_13TeV-powheg,/DMV_NNPDF30_Vector_Mphi-750_Mchi-300_gSM-0p25_gDM-1p0_v2_13TeV-powheg/RunIISummer16MiniAODv2-PUMoriond17_80X_mcRun2_asymptotic_2016_TrancheIV_v6-v1/MINIAODSIM,300000,1,1.0,0.00333333333333,,80X_mcRun2_asymptotic_2016_TrancheIV_v8,FALSE,POWHEG,NONE,
DMV_NNPDF30_Vector_Mphi-750_Mchi-600_gSM-0p25_gDM-1p0_v2_13TeV-powheg,/DMV_NNPDF30_Vector_Mphi-750_Mchi-600_gSM-0p25_gDM-1p0_v2_13TeV-powheg/RunIISummer16MiniAODv2-PUMoriond17_80X_mcRun2_asymptotic_2016_TrancheIV_v6-v1/MINIAODSIM,298492,1,1.0,0.00335017353899,,80X_mcRun2_asymptotic_2016_TrancheIV_v8,FALSE,POWHEG,NONE,
,,,,,,,,,,,,
,,,,,,,,,,,,
### background ###,,,,,,,,,,,,
,,,,,,,,,,,,
Zjet_to_nunu_HT_100_200,"/ZJetsToNuNu_HT-100To200_13TeV-madgraph/RunIISummer16MiniAODv2-PUMoriond17_80X_mcRun2_asymptotic_2016_TrancheIV_v6-v1/MINIAODSIM,/ZJetsToNuNu_HT-100To200_13TeV-madgraph/RunIISummer16MiniAODv2-PUMoriond17_80X_mcRun2_asymptotic_2016_TrancheIV_v6_ext1-v1/MINIAODSIM",24272858,1,280.35,0.0115499378,,80X_mcRun2_asymptotic_2016_TrancheIV_v8,FALSE,MadGraph,NONE,,
,,,,,,,,,,,,
Zjet_to_nunu_HT_200_400,"/ZJetsToNuNu_HT-200To400_13TeV-madgraph/RunIISummer16MiniAODv2-PUMoriond17_80X_mcRun2_asymptotic_2016_TrancheIV_v6-v1/MINIAODSIM,/ZJetsToNuNu_HT-200To400_13TeV-madgraph/RunIISummer16MiniAODv2-PUMoriond17_80X_mcRun2_asymptotic_2016_TrancheIV_v6_ext1-v1/MINIAODSIM",24744916,1,77.67,0.0031388266,,80X_mcRun2_asymptotic_2016_TrancheIV_v8,FALSE,MadGraph,NONE,,
,,,,,,,,,,,,
Zjet_to_nunu_HT_400_600,"/ZJetsToNuNu_HT-400To600_13TeV-madgraph/RunIISummer16MiniAODv2-PUMoriond17_80X_mcRun2_asymptotic_2016_TrancheIV_v6-v1/MINIAODSIM,/ZJetsToNuNu_HT-400To600_13TeV-madgraph/RunIISummer16MiniAODv2-PUMoriond17_80X_mcRun2_asymptotic_2016_TrancheIV_v6_ext1-v1/MINIAODSIM",9862869,1,10.73,0.0010879187,,80X_mcRun2_asymptotic_2016_TrancheIV_v8,FALSE,MadGraph,NONE,,
,,,,,,,,,,,,
Zjet_to_nunu_HT_600_800,/ZJetsToNuNu_HT-600To800_13TeV-madgraph/RunIISummer16MiniAODv2-PUMoriond17_80X_mcRun2_asymptotic_2016_TrancheIV_v6-v1/MINIAODSIM,5763506,1,4116,0.0007141486,,80X_mcRun2_asymptotic_2016_TrancheIV_v8,FALSE,MadGraph,NONE,,
,,,,,,,,,,,,
Zjet_to_nunu_HT_800_1200,/ZJetsToNuNu_HT-800To1200_13TeV-madgraph/RunIISummer16MiniAODv2-PUMoriond17_80X_mcRun2_asymptotic_2016_TrancheIV_v6-v1/MINIAODSIM,2170137,1,2559,0.0011791882,,80X_mcRun2_asymptotic_2016_TrancheIV_v8,FALSE,MadGraph,NONE,,
,,,,,,,,,,,,
Zjet_to_nunu_HT_1200_2500,"/ZJetsToNuNu_HT-1200To2500_13TeV-madgraph/RunIISummer16MiniAODv2-PUMoriond17_80X_mcRun2_asymptotic_2016_TrancheIV_v6-v1/MINIAODSIM,/ZJetsToNuNu_HT-1200To2500_13TeV-madgraph/RunIISummer16MiniAODv2-PUMoriond17_80X_mcRun2_asymptotic_2016_TrancheIV_v6_ext1-v1/MINIAODSIM",513471,1,1.1796,0.002297306,,80X_mcRun2_asymptotic_2016_TrancheIV_v8,FALSE,MadGraph,NONE,,
,,,,,,,,,,,,
Zjet_to_nunu_HT_2500_Inf,/ZJetsToNuNu_HT-2500ToInf_13TeV-madgraph/RunIISummer16MiniAODv2-PUMoriond17_80X_mcRun2_asymptotic_2016_TrancheIV_v6-v1/MINIAODSIM,405030,1,0.28833,0.0007118732,,80X_mcRun2_asymptotic_2016_TrancheIV_v8,FALSE,MadGraph,NONE,,
,,,,,,,,,,,,
,,,,,,,,,,,,
Wjets-HT-70-100,/WJetsToLNu_HT-70To100_TuneCUETP8M1_13TeV-madgraphMLM-pythia8/RunIISummer16MiniAODv2-PUMoriond17_80X_mcRun2_asymptotic_2016_TrancheIV_v6-v1/MINIAODSIM,10094300,1,1319,0.1306678026,/WJetsToLNu_HT-70To100_TuneCUETP8M1_13TeV-madgraphMLM-pythia8/mwassmer-Skim-V1_3j20_1l20-a9e761f18a2602500895f5e48b093b84/USER,80X_mcRun2_asymptotic_2016_TrancheIV_v8,FALSE,MadGraph,NONE,,
,,,,,,,,,,,,
Wjets-HT-100-200,"/WJetsToLNu_HT-100To200_TuneCUETP8M1_13TeV-madgraphMLM-pythia8/RunIISummer16MiniAODv2-PUMoriond17_80X_mcRun2_asymptotic_2016_TrancheIV_v6-v1/MINIAODSIM,/WJetsToLNu_HT-100To200_TuneCUETP8M1_13TeV-madgraphMLM-pythia8/RunIISummer16MiniAODv2-PUMoriond17_80X_mcRun2_asymptotic_2016_TrancheIV_v6_ext1-v1/MINIAODSIM,/WJetsToLNu_HT-100To200_TuneCUETP8M1_13TeV-madgraphMLM-pythia8/RunIISummer16MiniAODv2-PUMoriond17_80X_mcRun2_asymptotic_2016_TrancheIV_v6_ext2-v1/MINIAODSIM",79356685,1,1345,0.0169487927,/WJetsToLNu_HT-100To200_TuneCUETP8M1_13TeV-madgraphMLM-pythia8/mwassmer-Skim-V1_3j20_1l20-a9e761f18a2602500895f5e48b093b84/USER,80X_mcRun2_asymptotic_2016_TrancheIV_v8,FALSE,MadGraph,NONE,,
,,,,,,,,,,,,
Wjets-HT-200-400,"/WJetsToLNu_HT-200To400_TuneCUETP8M1_13TeV-madgraphMLM-pythia8/RunIISummer16MiniAODv2-PUMoriond17_80X_mcRun2_asymptotic_2016_TrancheIV_v6-v1/MINIAODSIM,/WJetsToLNu_HT-200To400_TuneCUETP8M1_13TeV-madgraphMLM-pythia8/RunIISummer16MiniAODv2-PUMoriond17_80X_mcRun2_asymptotic_2016_TrancheIV_v6_ext1-v1/MINIAODSIM,/WJetsToLNu_HT-200To400_TuneCUETP8M1_13TeV-madgraphMLM-pythia8/RunIISummer16MiniAODv2-PUMoriond17_80X_mcRun2_asymptotic_2016_TrancheIV_v6_ext2-v1/MINIAODSIM",39680891,1,359.7,0.0090648166,/WJetsToLNu_HT-200To400_TuneCUETP8M1_13TeV-madgraphMLM-pythia8/mwassmer-Skim-V1_3j20_1l20-a9e761f18a2602500895f5e48b093b84/USER,80X_mcRun2_asymptotic_2016_TrancheIV_v8,FALSE,MadGraph,NONE,,
,,,,,,,,,,,,
Wjets-HT-400-600,"/WJetsToLNu_HT-400To600_TuneCUETP8M1_13TeV-madgraphMLM-pythia8/RunIISummer16MiniAODv2-PUMoriond17_80X_mcRun2_asymptotic_2016_TrancheIV_v6-v1/MINIAODSIM,/WJetsToLNu_HT-400To600_TuneCUETP8M1_13TeV-madgraphMLM-pythia8/RunIISummer16MiniAODv2-PUMoriond17_80X_mcRun2_asymptotic_2016_TrancheIV_v6_ext1-v1/MINIAODSIM",7759701,1,48.91,0.0063030779,/WJetsToLNu_HT-400To600_TuneCUETP8M1_13TeV-madgraphMLM-pythia8/mwassmer-Skim-V1_3j20_1l20-a9e761f18a2602500895f5e48b093b84/USER,80X_mcRun2_asymptotic_2016_TrancheIV_v8,FALSE,MadGraph,NONE,,
,,,,,,,,,,,,
Wjets-HT-600-800,"/WJetsToLNu_HT-600To800_TuneCUETP8M1_13TeV-madgraphMLM-pythia8/RunIISummer16MiniAODv2-PUMoriond17_80X_mcRun2_asymptotic_2016_TrancheIV_v6-v1/MINIAODSIM,/WJetsToLNu_HT-600To800_TuneCUETP8M1_13TeV-madgraphMLM-pythia8/RunIISummer16MiniAODv2-PUMoriond17_80X_mcRun2_asymptotic_2016_TrancheIV_v6_ext1-v1/MINIAODSIM",18687480,1,12.05,0.0006448167,/WJetsToLNu_HT-600To800_TuneCUETP8M1_13TeV-madgraphMLM-pythia8/mwassmer-Skim-V1_3j20_1l20-a9e761f18a2602500895f5e48b093b84/USER,80X_mcRun2_asymptotic_2016_TrancheIV_v8,FALSE,MadGraph,NONE,,
,,,,,,,,,,,,
Wjets-HT-800-1200,"/WJetsToLNu_HT-800To1200_TuneCUETP8M1_13TeV-madgraphMLM-pythia8/RunIISummer16MiniAODv2-PUMoriond17_80X_mcRun2_asymptotic_2016_TrancheIV_v6-v1/MINIAODSIM,/WJetsToLNu_HT-800To1200_TuneCUETP8M1_13TeV-madgraphMLM-pythia8/RunIISummer16MiniAODv2-PUMoriond17_80X_mcRun2_asymptotic_2016_TrancheIV_v6_ext1-v1/MINIAODSIM",7745467,1,5501,0.0007102219,/WJetsToLNu_HT-800To1200_TuneCUETP8M1_13TeV-madgraphMLM-pythia8/mwassmer-Skim-V1_3j20_1l20-a9e761f18a2602500895f5e48b093b84/USER,80X_mcRun2_asymptotic_2016_TrancheIV_v8,FALSE,MadGraph,NONE,,
,,,,,,,,,,,,
Wjets-HT-1200-2500,"/WJetsToLNu_HT-1200To2500_TuneCUETP8M1_13TeV-madgraphMLM-pythia8/RunIISummer16MiniAODv2-PUMoriond17_80X_mcRun2_asymptotic_2016_TrancheIV_v6-v1/MINIAODSIM,/WJetsToLNu_HT-1200To2500_TuneCUETP8M1_13TeV-madgraphMLM-pythia8/RunIISummer16MiniAODv2-PUMoriond17_80X_mcRun2_asymptotic_2016_TrancheIV_v6_ext1-v1/MINIAODSIM",6872441,1,1329,0.0001933811,/WJetsToLNu_HT-1200To2500_TuneCUETP8M1_13TeV-madgraphMLM-pythia8/mwassmer-Skim-V1_3j20_1l20-a9e761f18a2602500895f5e48b093b84/USER,80X_mcRun2_asymptotic_2016_TrancheIV_v8,FALSE,MadGraph,NONE,,
,,,,,,,,,,,,
Wjets-HT-2500-Inf,"/WJetsToLNu_HT-2500ToInf_TuneCUETP8M1_13TeV-madgraphMLM-pythia8/RunIISummer16MiniAODv2-PUMoriond17_80X_mcRun2_asymptotic_2016_TrancheIV_v6-v1/MINIAODSIM,/WJetsToLNu_HT-2500ToInf_TuneCUETP8M1_13TeV-madgraphMLM-pythia8/RunIISummer16MiniAODv2-PUMoriond17_80X_mcRun2_asymptotic_2016_TrancheIV_v6_ext1-v1/MINIAODSIM",2637821,1,0.03216,1.21918811019E-05,/WJetsToLNu_HT-2500ToInf_TuneCUETP8M1_13TeV-madgraphMLM-pythia8/mwassmer-Skim-V1_3j20_1l20-a9e761f18a2602500895f5e48b093b84/USER,80X_mcRun2_asymptotic_2016_TrancheIV_v8,FALSE,MadGraph,NONE,,
,,,,,,,,,,,,
,,,,,,,,,,,,
Zjets_m5to50-HT-70-100,/DYJetsToLL_M-5to50_HT-70to100_TuneCUETP8M1_13TeV-madgraphMLM-pythia8/RunIISummer16MiniAODv2-PUMoriond17_80X_mcRun2_asymptotic_2016_TrancheIV_v6-v1/MINIAODSIM,10000704,1,302.2,0.0302178727,/DYJetsToLL_M-5to50_HT-70to100_TuneCUETP8M1_13TeV-madgraphMLM-pythia8/mwassmer-Skim-V1_3j20_1l20-a9e761f18a2602500895f5e48b093b84/USER,80X_mcRun2_asymptotic_2016_TrancheIV_v8,FALSE,MadGraph,NONE,,
,,,,,,,,,,,,
Zjets_m5to50-HT-100-200,"/DYJetsToLL_M-5to50_HT-100to200_TuneCUETP8M1_13TeV-madgraphMLM-pythia8/RunIISummer16MiniAODv2-PUMoriond17_80X_mcRun2_asymptotic_2016_TrancheIV_v6-v1/MINIAODSIM,/DYJetsToLL_M-5to50_HT-100to200_TuneCUETP8M1_13TeV-madgraphMLM-pythia8/RunIISummer16MiniAODv2-PUMoriond17_80X_mcRun2_asymptotic_2016_TrancheIV_v6_ext1-v1/MINIAODSIM",9591846,1,224.2,0.02337402,/DYJetsToLL_M-5to50_HT-100to200_TuneCUETP8M1_13TeV-madgraphMLM-pythia8/mwassmer-Skim-V1_3j20_1l20-a9e761f18a2602500895f5e48b093b84/USER,80X_mcRun2_asymptotic_2016_TrancheIV_v8,FALSE,MadGraph,NONE,,
,,,,,,,,,,,,
Zjets_m5to50-HT-200-400,"/DYJetsToLL_M-5to50_HT-200to400_TuneCUETP8M1_13TeV-madgraphMLM-pythia8/RunIISummer16MiniAODv2-PUMoriond17_80X_mcRun2_asymptotic_2016_TrancheIV_v6-v1/MINIAODSIM,/DYJetsToLL_M-5to50_HT-200to400_TuneCUETP8M1_13TeV-madgraphMLM-pythia8/RunIISummer16MiniAODv2-PUMoriond17_80X_mcRun2_asymptotic_2016_TrancheIV_v6_ext1-v1/MINIAODSIM",3123007,1,37.2,0.0119115967,/DYJetsToLL_M-5to50_HT-200to400_TuneCUETP8M1_13TeV-madgraphMLM-pythia8/mwassmer-Skim-V1_3j20_1l20-a9e761f18a2602500895f5e48b093b84/USER,80X_mcRun2_asymptotic_2016_TrancheIV_v8,FALSE,MadGraph,NONE,,
,,,,,,,,,,,,
Zjets_m5to50-HT-400-600,"/DYJetsToLL_M-5to50_HT-400to600_TuneCUETP8M1_13TeV-madgraphMLM-pythia8/RunIISummer16MiniAODv2-PUMoriond17_80X_mcRun2_asymptotic_2016_TrancheIV_v6-v1/MINIAODSIM,/DYJetsToLL_M-5to50_HT-400to600_TuneCUETP8M1_13TeV-madgraphMLM-pythia8/RunIISummer16MiniAODv2-PUMoriond17_80X_mcRun2_asymptotic_2016_TrancheIV_v6_ext1-v1/MINIAODSIM",3088204,1,3581,0.0011595737,/DYJetsToLL_M-5to50_HT-400to600_TuneCUETP8M1_13TeV-madgraphMLM-pythia8/mwassmer-Skim-V1_3j20_1l20-a9e761f18a2602500895f5e48b093b84/USER,80X_mcRun2_asymptotic_2016_TrancheIV_v8,FALSE,MadGraph,NONE,,
,,,,,,,,,,,,
Zjets_m5to50-HT-600-Inf,"/DYJetsToLL_M-5to50_HT-600toInf_TuneCUETP8M1_13TeV-madgraphMLM-pythia8/RunIISummer16MiniAODv2-PUMoriond17_80X_mcRun2_asymptotic_2016_TrancheIV_v6-v1/MINIAODSIM,/DYJetsToLL_M-5to50_HT-600toInf_TuneCUETP8M1_13TeV-madgraphMLM-pythia8/RunIISummer16MiniAODv2-PUMoriond17_80X_mcRun2_asymptotic_2016_TrancheIV_v6_ext1-v1/MINIAODSIM",3027395,1,1124,0.0003712763,/DYJetsToLL_M-5to50_HT-600toInf_TuneCUETP8M1_13TeV-madgraphMLM-pythia8/mwassmer-Skim-V1_3j20_1l20-a9e761f18a2602500895f5e48b093b84/USER,80X_mcRun2_asymptotic_2016_TrancheIV_v8,FALSE,MadGraph,NONE,,
,,,,,,,,,,,,
,,,,,,,,,,,,
Zjets_m50toInf-HT-70-100,/DYJetsToLL_M-50_HT-70to100_TuneCUETP8M1_13TeV-madgraphMLM-pythia8/RunIISummer16MiniAODv2-PUMoriond17_80X_mcRun2_asymptotic_2016_TrancheIV_v6-v1/MINIAODSIM,9616188,1,175.3,0.0182296769,/DYJetsToLL_M-50_HT-70to100_TuneCUETP8M1_13TeV-madgraphMLM-pythia8/mwassmer-Skim-V1_3j20_1l20-a9e761f18a2602500895f5e48b093b84/USER,80X_mcRun2_asymptotic_2016_TrancheIV_v8,FALSE,MadGraph,NONE,,
,,,,,,,,,,,,
Zjets_m50toInf-HT-100-200,"/DYJetsToLL_M-50_HT-100to200_TuneCUETP8M1_13TeV-madgraphMLM-pythia8/RunIISummer16MiniAODv2-PUMoriond17_80X_mcRun2_asymptotic_2016_TrancheIV_v6-v1/MINIAODSIM,/DYJetsToLL_M-50_HT-100to200_TuneCUETP8M1_13TeV-madgraphMLM-pythia8/RunIISummer16MiniAODv2-PUMoriond17_80X_mcRun2_asymptotic_2016_TrancheIV_v6_ext1-v1/MINIAODSIM",10607207,1,147.4,0.0138962123,/DYJetsToLL_M-50_HT-100to200_TuneCUETP8M1_13TeV-madgraphMLM-pythia8/mwassmer-Skim-V1_3j20_1l20-a9e761f18a2602500895f5e48b093b84/USER,80X_mcRun2_asymptotic_2016_TrancheIV_v8,FALSE,MadGraph,NONE,,
,,,,,,,,,,,,
Zjets_m50toInf-HT-200-400,"/DYJetsToLL_M-50_HT-200to400_TuneCUETP8M1_13TeV-madgraphMLM-pythia8/RunIISummer16MiniAODv2-PUMoriond17_80X_mcRun2_asymptotic_2016_TrancheIV_v6-v1/MINIAODSIM,/DYJetsToLL_M-50_HT-200to400_TuneCUETP8M1_13TeV-madgraphMLM-pythia8/RunIISummer16MiniAODv2-PUMoriond17_80X_mcRun2_asymptotic_2016_TrancheIV_v6_ext1-v1/MINIAODSIM",9653731,1,40.99,0.0042460267,/DYJetsToLL_M-50_HT-200to400_TuneCUETP8M1_13TeV-madgraphMLM-pythia8/mwassmer-Skim-V1_3j20_1l20-a9e761f18a2602500895f5e48b093b84/USER,80X_mcRun2_asymptotic_2016_TrancheIV_v8,FALSE,MadGraph,NONE,,
,,,,,,,,,,,,
Zjets_m50toInf-HT-400-600,"/DYJetsToLL_M-50_HT-400to600_TuneCUETP8M1_13TeV-madgraphMLM-pythia8/RunIISummer16MiniAODv2-PUMoriond17_80X_mcRun2_asymptotic_2016_TrancheIV_v6-v1/MINIAODSIM,/DYJetsToLL_M-50_HT-400to600_TuneCUETP8M1_13TeV-madgraphMLM-pythia8/RunIISummer16MiniAODv2-PUMoriond17_80X_mcRun2_asymptotic_2016_TrancheIV_v6_ext1-v1/MINIAODSIM",10008776,1,5678,0.0005673021,/DYJetsToLL_M-50_HT-400to600_TuneCUETP8M1_13TeV-madgraphMLM-pythia8/mwassmer-Skim-V1_3j20_1l20-a9e761f18a2602500895f5e48b093b84/USER,80X_mcRun2_asymptotic_2016_TrancheIV_v8,FALSE,MadGraph,NONE,,
,,,,,,,,,,,,
Zjets_m50toInf-HT-600-800,/DYJetsToLL_M-50_HT-600to800_TuneCUETP8M1_13TeV-madgraphMLM-pythia8/RunIISummer16MiniAODv2-PUMoriond17_80X_mcRun2_asymptotic_2016_TrancheIV_v6-v2/MINIAODSIM,8292957,1,1367,0.0001648387,/DYJetsToLL_M-50_HT-600to800_TuneCUETP8M1_13TeV-madgraphMLM-pythia8/mwassmer-Skim-V1_3j20_1l20-a9e761f18a2602500895f5e48b093b84/USER,80X_mcRun2_asymptotic_2016_TrancheIV_v8,FALSE,MadGraph,NONE,,
,,,,,,,,,,,,
Zjets_m50toInf-HT-800-1200,/DYJetsToLL_M-50_HT-800to1200_TuneCUETP8M1_13TeV-madgraphMLM-pythia8/RunIISummer16MiniAODv2-PUMoriond17_80X_mcRun2_asymptotic_2016_TrancheIV_v6-v1/MINIAODSIM,2668730,1,0.6304,0.0002362172,/DYJetsToLL_M-50_HT-800to1200_TuneCUETP8M1_13TeV-madgraphMLM-pythia8/mwassmer-Skim-V1_3j20_1l20-a9e761f18a2602500895f5e48b093b84/USER,80X_mcRun2_asymptotic_2016_TrancheIV_v8,FALSE,MadGraph,NONE,,
,,,,,,,,,,,,
Zjets_m50toInf-HT-1200-2500,/DYJetsToLL_M-50_HT-1200to2500_TuneCUETP8M1_13TeV-madgraphMLM-pythia8/RunIISummer16MiniAODv2-PUMoriond17_80X_mcRun2_asymptotic_2016_TrancheIV_v6-v1/MINIAODSIM,596079,1,0.1514,0.0002539932,/DYJetsToLL_M-50_HT-1200to2500_TuneCUETP8M1_13TeV-madgraphMLM-pythia8/mwassmer-Skim-V1_3j20_1l20-a9e761f18a2602500895f5e48b093b84/USER,80X_mcRun2_asymptotic_2016_TrancheIV_v8,FALSE,MadGraph,NONE,,
,,,,,,,,,,,,
Zjets_m50toInf-HT-2500-Inf,/DYJetsToLL_M-50_HT-2500toInf_TuneCUETP8M1_13TeV-madgraphMLM-pythia8/RunIISummer16MiniAODv2-PUMoriond17_80X_mcRun2_asymptotic_2016_TrancheIV_v6-v1/MINIAODSIM,399492,1,0.003565,8.92383326825E-06,/DYJetsToLL_M-50_HT-2500toInf_TuneCUETP8M1_13TeV-madgraphMLM-pythia8/mwassmer-Skim-V1_3j20_1l20-a9e761f18a2602500895f5e48b093b84/USER,80X_mcRun2_asymptotic_2016_TrancheIV_v8,FALSE,MadGraph,NONE,,
,,,,,,,,,,,,
,,,,,,,,,,,,
Gjets_HT-100-200,"/GJets_HT-100To200_TuneCUETP8M1_13TeV-madgraphMLM-pythia8/RunIISummer16MiniAODv2-PUMoriond17_80X_mcRun2_asymptotic_2016_TrancheIV_v6_ext1-v1/MINIAODSIM,/GJets_HT-100To200_TuneCUETP8M1_13TeV-madgraphMLM-pythia8/RunIISummer16MiniAODv2-PUMoriond17_80X_mcRun2_asymptotic_2016_TrancheIV_v6-v1/MINIAODSIM",10182407,1,9235,0.906956479,,80X_mcRun2_asymptotic_2016_TrancheIV_v8,FALSE,MadGraph,NONE,,
,,,,,,,,,,,,
Gjets_HT-200-400,"/GJets_HT-200To400_TuneCUETP8M1_13TeV-madgraphMLM-pythia8/RunIISummer16MiniAODv2-PUMoriond17_80X_mcRun2_asymptotic_2016_TrancheIV_v6-v1/MINIAODSIM,/GJets_HT-200To400_TuneCUETP8M1_13TeV-madgraphMLM-pythia8/RunIISummer16MiniAODv2-PUMoriond17_80X_mcRun2_asymptotic_2016_TrancheIV_v6_ext1-v1/MINIAODSIM",20387336,1,2298,0.1127170318,,80X_mcRun2_asymptotic_2016_TrancheIV_v8,FALSE,MadGraph,NONE,,
,,,,,,,,,,,,
Gjets_HT_400-600_0,/GJets_HT-400To600_TuneCUETP8M1_13TeV-madgraphMLM-pythia8/RunIISummer16MiniAODv2-PUMoriond17_80X_mcRun2_asymptotic_2016_TrancheIV_v6_ext1-v2/MINIAODSIM,2530341,1,277.6,0.1097085334,,80X_mcRun2_asymptotic_2016_TrancheIV_v8,FALSE,MadGraph,NONE,,
Gjets_HT_400-600_1,/GJets_HT-400To600_TuneCUETP8M1_13TeV-madgraphMLM-pythia8/RunIISummer16MiniAODv2-PUMoriond17_80X_mcRun2_asymptotic_2016_TrancheIV_v6-v1/MINIAODSIM,2529729,1,277.6,0.1097350744,,80X_mcRun2_asymptotic_2016_TrancheIV_v8,FALSE,MadGraph,NONE,,
,,,,,,,,,,,,
Gjets_HT-600-Inf,"/GJets_HT-600ToInf_TuneCUETP8M1_13TeV-madgraphMLM-pythia8/RunIISummer16MiniAODv2-PUMoriond17_80X_mcRun2_asymptotic_2016_TrancheIV_v6_ext1-v1/MINIAODSIM,/GJets_HT-600ToInf_TuneCUETP8M1_13TeV-madgraphMLM-pythia8/RunIISummer16MiniAODv2-PUMoriond17_80X_mcRun2_asymptotic_2016_TrancheIV_v6-v1/MINIAODSIM",5080857,1,93.47,0.0183965028,,80X_mcRun2_asymptotic_2016_TrancheIV_v8,FALSE,MadGraph,NONE,,
,,,,,,,,,,,,
QCD_HT50to100,/QCD_HT50to100_TuneCUETP8M1_13TeV-madgraphMLM-pythia8/RunIISummer16MiniAODv2-PUMoriond17_80X_mcRun2_asymptotic_2016_TrancheIV_v6-v1/MINIAODSIM,4097049,1,246400000,60140.8477175,/QCD_HT50to100_TuneCUETP8M1_13TeV-madgraphMLM-pythia8/mwassmer-Skim-V1_3j20_1l20-a9e761f18a2602500895f5e48b093b84/USER,80X_mcRun2_asymptotic_2016_TrancheIV_v8,FALSE,MadGraph,NONE,,
,,,,,,,,,,,,
QCD_HT100to200,/QCD_HT100to200_TuneCUETP8M1_13TeV-madgraphMLM-pythia8/RunIISummer16MiniAODv2-PUMoriond17_80X_mcRun2_asymptotic_2016_TrancheIV_v6-v1/MINIAODSIM,80684349,1,27990000,346.907428106,/QCD_HT100to200_TuneCUETP8M1_13TeV-madgraphMLM-pythia8/mwassmer-Skim-V1_3j20_1l20-a9e761f18a2602500895f5e48b093b84/USER,80X_mcRun2_asymptotic_2016_TrancheIV_v8,FALSE,MadGraph,NONE,,
,,,,,,,,,,,,
QCD_HT200to300,"/QCD_HT200to300_TuneCUETP8M1_13TeV-madgraphMLM-pythia8/RunIISummer16MiniAODv2-PUMoriond17_80X_mcRun2_asymptotic_2016_TrancheIV_v6-v1/MINIAODSIM,/QCD_HT200to300_TuneCUETP8M1_13TeV-madgraphMLM-pythia8/RunIISummer16MiniAODv2-PUMoriond17_80X_mcRun2_asymptotic_2016_TrancheIV_v6_ext1-v1/MINIAODSIM",57580393,1,1712000,29.7323430912,/QCD_HT200to300_TuneCUETP8M1_13TeV-madgraphMLM-pythia8/mwassmer-Skim-V1_3j20_1l20-a9e761f18a2602500895f5e48b093b84/USER,80X_mcRun2_asymptotic_2016_TrancheIV_v8,FALSE,MadGraph,NONE,,
,,,,,,,,,,,,
QCD_HT300to500,"/QCD_HT300to500_TuneCUETP8M1_13TeV-madgraphMLM-pythia8/RunIISummer16MiniAODv2-PUMoriond17_80X_mcRun2_asymptotic_2016_TrancheIV_v6-v1/MINIAODSIM,/QCD_HT300to500_TuneCUETP8M1_13TeV-madgraphMLM-pythia8/RunIISummer16MiniAODv2-PUMoriond17_80X_mcRun2_asymptotic_2016_TrancheIV_v6_ext1-v1/MINIAODSIM",54537903,1,347700,6.3753826399,/QCD_HT300to500_TuneCUETP8M1_13TeV-madgraphMLM-pythia8/mwassmer-Skim-V1_3j20_1l20-a9e761f18a2602500895f5e48b093b84/USER,80X_mcRun2_asymptotic_2016_TrancheIV_v8,FALSE,MadGraph,NONE,,
,,,,,,,,,,,,
QCD_HT500to700,"/QCD_HT500to700_TuneCUETP8M1_13TeV-madgraphMLM-pythia8/RunIISummer16MiniAODv2-PUMoriond17_80X_mcRun2_asymptotic_2016_TrancheIV_v6-v1/MINIAODSIM,/QCD_HT500to700_TuneCUETP8M1_13TeV-madgraphMLM-pythia8/RunIISummer16MiniAODv2-PUMoriond17_80X_mcRun2_asymptotic_2016_TrancheIV_v6_ext1-v2/MINIAODSIM",62271343,1,32100,0.515485911,/QCD_HT500to700_TuneCUETP8M1_13TeV-madgraphMLM-pythia8/mwassmer-Skim-V1_3j20_1l20-a9e761f18a2602500895f5e48b093b84/USER,80X_mcRun2_asymptotic_2016_TrancheIV_v8,FALSE,MadGraph,NONE,,
,,,,,,,,,,,,
QCD_HT700to1000,"/QCD_HT700to1000_TuneCUETP8M1_13TeV-madgraphMLM-pythia8/RunIISummer16MiniAODv2-PUMoriond17_80X_mcRun2_asymptotic_2016_TrancheIV_v6-v1/MINIAODSIM,/QCD_HT700to1000_TuneCUETP8M1_13TeV-madgraphMLM-pythia8/RunIISummer16MiniAODv2-PUMoriond17_80X_mcRun2_asymptotic_2016_TrancheIV_v6_ext1-v1/MINIAODSIM",45412780,1,6831,0.1504202121,/QCD_HT700to1000_TuneCUETP8M1_13TeV-madgraphMLM-pythia8/mwassmer-Skim-V1_3j20_1l20-a9e761f18a2602500895f5e48b093b84/USER,80X_mcRun2_asymptotic_2016_TrancheIV_v8,FALSE,MadGraph,NONE,,
,,,,,,,,,,,,
QCD_HT1000to1500,"/QCD_HT1000to1500_TuneCUETP8M1_13TeV-madgraphMLM-pythia8/RunIISummer16MiniAODv2-PUMoriond17_80X_mcRun2_asymptotic_2016_TrancheIV_v6-v1/MINIAODSIM,/QCD_HT1000to1500_TuneCUETP8M1_13TeV-madgraphMLM-pythia8/RunIISummer16MiniAODv2-PUMoriond17_80X_mcRun2_asymptotic_2016_TrancheIV_v6_ext1-v1/MINIAODSIM",15127293,1,1207,0.0797895565,/QCD_HT1000to1500_TuneCUETP8M1_13TeV-madgraphMLM-pythia8/mwassmer-Skim-V1_3j20_1l20-a9e761f18a2602500895f5e48b093b84/USER,80X_mcRun2_asymptotic_2016_TrancheIV_v8,FALSE,MadGraph,NONE,,
,,,,,,,,,,,,
QCD_HT1500to2000,"/QCD_HT1500to2000_TuneCUETP8M1_13TeV-madgraphMLM-pythia8/RunIISummer16MiniAODv2-PUMoriond17_80X_mcRun2_asymptotic_2016_TrancheIV_v6-v1/MINIAODSIM,/QCD_HT1500to2000_TuneCUETP8M1_13TeV-madgraphMLM-pythia8/RunIISummer16MiniAODv2-PUMoriond17_80X_mcRun2_asymptotic_2016_TrancheIV_v6_ext1-v1/MINIAODSIM",11826702,1,119.9,0.0101380757,/QCD_HT1500to2000_TuneCUETP8M1_13TeV-madgraphMLM-pythia8/mwassmer-Skim-V1_3j20_1l20-a9e761f18a2602500895f5e48b093b84/USER,80X_mcRun2_asymptotic_2016_TrancheIV_v8,FALSE,MadGraph,NONE,,
,,,,,,,,,,,,
QCD_HT2000toInf,"/QCD_HT2000toInf_TuneCUETP8M1_13TeV-madgraphMLM-pythia8/RunIISummer16MiniAODv2-PUMoriond17_80X_mcRun2_asymptotic_2016_TrancheIV_v6-v1/MINIAODSIM,/QCD_HT2000toInf_TuneCUETP8M1_13TeV-madgraphMLM-pythia8/RunIISummer16MiniAODv2-PUMoriond17_80X_mcRun2_asymptotic_2016_TrancheIV_v6_ext1-v1/MINIAODSIM",6039005,1,25.24,0.0041794965,/QCD_HT2000toInf_TuneCUETP8M1_13TeV-madgraphMLM-pythia8/mwassmer-Skim-V1_3j20_1l20-a9e761f18a2602500895f5e48b093b84/USER,80X_mcRun2_asymptotic_2016_TrancheIV_v8,FALSE,MadGraph,NONE,,
,,,,,,,,,,,,
,,,,,,,,,,,,
ttbar_incl,/TT_TuneCUETP8M2T4_13TeV-powheg-pythia8/RunIISummer16MiniAODv2-PUMoriond17_80X_mcRun2_asymptotic_2016_TrancheIV_v6-v1/MINIAODSIM,77229341,1,831.76,0.01077,/TT_TuneCUETP8M2T4_13TeV-powheg-pythia8/mschrode-Skim-V1_3j20_1l20-a9e761f18a2602500895f5e48b093b84/USER,80X_mcRun2_asymptotic_2016_TrancheIV_v8,FALSE,POWHEG,NONE,,
,,,,,,,,,,,,
,,,,,,,,,,,,
st_schan,/ST_s-channel_4f_leptonDecays_13TeV-amcatnlo-pythia8_TuneCUETP8M1/RunIISummer16MiniAODv2-PUMoriond17_80X_mcRun2_asymptotic_2016_TrancheIV_v6-v1/MINIAODSIM,1000000,0.6257647059,3.7,0.0059127656,/ST_s-channel_4f_leptonDecays_13TeV-amcatnlo-pythia8_TuneCUETP8M1/mwassmer-Skim-V1_3j20_1l20-a9e761f18a2602500895f5e48b093b84/USER,80X_mcRun2_asymptotic_2016_TrancheIV_v8,FALSE,aMC,NONE,,
,,,,,,,,,,,,
st_tchan,/ST_t-channel_top_4f_inclusiveDecays_TuneCUETP8M2T4_13TeV-powhegV2-madspin/RunIISummer16MiniAODv2-PUMoriond17_80X_mcRun2_asymptotic_2016_TrancheIV_v6-v1/MINIAODSIM,5993676,1,136.02,0.0226939194,/ST_t-channel_top_4f_inclusiveDecays_TuneCUETP8M2T4_13TeV-powhegV2-madspin/mwassmer-Skim-V1_3j20_1l20-a9e761f18a2602500895f5e48b093b84/USER,80X_mcRun2_asymptotic_2016_TrancheIV_v8,FALSE,POWHEG,NONE,,
,,,,,,,,,,,,
stbar_tchan,/ST_t-channel_antitop_4f_inclusiveDecays_TuneCUETP8M2T4_13TeV-powhegV2-madspin/RunIISummer16MiniAODv2-PUMoriond17_80X_mcRun2_asymptotic_2016_TrancheIV_v6-v1/MINIAODSIM,3928063,1,80.95,0.0206081216,/ST_t-channel_antitop_4f_inclusiveDecays_TuneCUETP8M2T4_13TeV-powhegV2-madspin/mwassmer-Skim-V1_3j20_1l20-a9e761f18a2602500895f5e48b093b84/USER,80X_mcRun2_asymptotic_2016_TrancheIV_v8,FALSE,POWHEG,NONE,,
,,,,,,,,,,,,
st_tWchan,/ST_tW_top_5f_inclusiveDecays_13TeV-powheg-pythia8_TuneCUETP8M2T4/RunIISummer16MiniAODv2-PUMoriond17_80X_mcRun2_asymptotic_2016_TrancheIV_v6-v1/MINIAODSIM,992024,1,35.85,0.0361382386,/ST_tW_top_5f_inclusiveDecays_13TeV-powheg-pythia8_TuneCUETP8M2T4/mwassmer-Skim-V1_3j20_1l20-a9e761f18a2602500895f5e48b093b84/USER,80X_mcRun2_asymptotic_2016_TrancheIV_v8,FALSE,POWHEG,NONE,,
,,,,,,,,,,,,
stbar_tWchan,/ST_tW_antitop_5f_inclusiveDecays_13TeV-powheg-pythia8_TuneCUETP8M2T4/RunIISummer16MiniAODv2-PUMoriond17_80X_mcRun2_asymptotic_2016_TrancheIV_v6-v1/MINIAODSIM,998276,1,35.85,0.0359119121,/ST_tW_antitop_5f_inclusiveDecays_13TeV-powheg-pythia8_TuneCUETP8M2T4/mwassmer-Skim-V1_3j20_1l20-a9e761f18a2602500895f5e48b093b84/USER,80X_mcRun2_asymptotic_2016_TrancheIV_v8,FALSE,POWHEG,NONE,,
,,,,,,,,,,,,
,,,,,,,,,,,,
WW,"/WW_TuneCUETP8M1_13TeV-pythia8/RunIISummer16MiniAODv2-PUMoriond17_80X_mcRun2_asymptotic_2016_TrancheIV_v6-v1/MINIAODSIM,/WW_TuneCUETP8M1_13TeV-pythia8/RunIISummer16MiniAODv2-PUMoriond17_80X_mcRun2_asymptotic_2016_TrancheIV_v6_ext1-v1/MINIAODSIM",7981136,1,118.7,0.0148725695,/WW_TuneCUETP8M1_13TeV-pythia8/mwassmer-Skim-V1_3j20_1l20-a9e761f18a2602500895f5e48b093b84/USER,80X_mcRun2_asymptotic_2016_TrancheIV_v8,FALSE,pythia8,NONE,,
,,,,,,,,,,,,
WZ,"/WZ_TuneCUETP8M1_13TeV-pythia8/RunIISummer16MiniAODv2-PUMoriond17_80X_mcRun2_asymptotic_2016_TrancheIV_v6-v1/MINIAODSIM,/WZ_TuneCUETP8M1_13TeV-pythia8/RunIISummer16MiniAODv2-PUMoriond17_80X_mcRun2_asymptotic_2016_TrancheIV_v6_ext1-v1/MINIAODSIM",3995828,1,47.12,0.0117922994,/WZ_TuneCUETP8M1_13TeV-pythia8/mwassmer-Skim-V1_3j20_1l20-a9e761f18a2602500895f5e48b093b84/USER,80X_mcRun2_asymptotic_2016_TrancheIV_v8,FALSE,pythia8,NONE,,
,,,,,,,,,,,,
ZZ,"/ZZ_TuneCUETP8M1_13TeV-pythia8/RunIISummer16MiniAODv2-PUMoriond17_80X_mcRun2_asymptotic_2016_TrancheIV_v6-v1/MINIAODSIM,/ZZ_TuneCUETP8M1_13TeV-pythia8/RunIISummer16MiniAODv2-PUMoriond17_80X_mcRun2_asymptotic_2016_TrancheIV_v6_ext1-v1/MINIAODSIM",1988098,1,15.4,0.007746097,/ZZ_TuneCUETP8M1_13TeV-pythia8/mwassmer-Skim-V1_3j20_1l20-a9e761f18a2602500895f5e48b093b84/USER,80X_mcRun2_asymptotic_2016_TrancheIV_v8,FALSE,pythia8,NONE,,
,,,,,,,,,,,,
### data ###,,,,,,,,,,,,
,,,,,,,,,,,,
MET_Run2016B,/MET/Run2016B-03Feb2017_ver2-v2/MINIAOD,35987712,1,0,1,,80X_dataRun2_2016SeptRepro_v7,TRUE,notSpecified,NONE,2016B,
MET_Run2016C,/MET/Run2016C-03Feb2017-v1/MINIAOD,17381222,1,0,1,,80X_dataRun2_2016SeptRepro_v7,TRUE,notSpecified,NONE,2016C,
MET_Run2016D,/MET/Run2016D-03Feb2017-v1/MINIAOD,20947429,1,0,1,,80X_dataRun2_2016SeptRepro_v7,TRUE,notSpecified,NONE,2016D,
MET_Run2016E,/MET/Run2016E-03Feb2017-v1/MINIAOD,22348402,1,0,1,,80X_dataRun2_2016SeptRepro_v7,TRUE,notSpecified,NONE,2016E,
MET_Run2016F,/MET/Run2016F-03Feb2017-v1/MINIAOD,13319829,1,0,1,,80X_dataRun2_2016SeptRepro_v7,TRUE,notSpecified,NONE,2016F,
MET_Run2016G,/MET/Run2016G-03Feb2017-v1/MINIAOD,26974131,1,0,1,,80X_dataRun2_2016SeptRepro_v7,TRUE,notSpecified,NONE,2016G,
MET_Run2016Hv2,/MET/Run2016H-03Feb2017_ver2-v1/MINIAOD,38957320,1,0,1,,80X_dataRun2_2016SeptRepro_v7,TRUE,notSpecified,NONE,2016Hv2,
MET_Run2016Hv3,/MET/Run2016H-03Feb2017_ver3-v1/MINIAOD,816165,1,0,1,,80X_dataRun2_2016SeptRepro_v7,TRUE,notSpecified,NONE,2016Hv3,
,,,,,,,,,,,,
,,,,,,,,,,,,
SingleElectron_Run2016D,/SingleElectron/Run2016D-03Feb2017-v1/MINIAOD,148167727,1,0,1,/SingleElectron/mwassmer-Skim-V1_3j20_1l20_Run2016D_Final-ebfa21a6610d0b639e4a84f26a128382/USER,80X_dataRun2_2016SeptRepro_v7,TRUE,notSpecified,NONE,2016D,el
SingleElectron_Run2016E,/SingleElectron/Run2016E-03Feb2017-v1/MINIAOD,117321545,1,0,1,/SingleElectron/mwassmer-Skim-V1_3j20_1l20_Run2016E_Final-ebfa21a6610d0b639e4a84f26a128382/USER,80X_dataRun2_2016SeptRepro_v7,TRUE,notSpecified,NONE,2016E,el
SingleElectron_Run2016F,/SingleElectron/Run2016F-03Feb2017-v1/MINIAOD,70593532,1,0,1,/SingleElectron/mwassmer-Skim-V1_3j20_1l20_Run2016F_Final-ebfa21a6610d0b639e4a84f26a128382/USER,80X_dataRun2_2016SeptRepro_v7,TRUE,notSpecified,NONE,2016F,el
SingleElectron_Run2016G,/SingleElectron/Run2016G-03Feb2017-v1/MINIAOD,153330123,1,0,1,/SingleElectron/mwassmer-Skim-V1_3j20_1l20_Run2016G_Final-ebfa21a6610d0b639e4a84f26a128382/USER,80X_dataRun2_2016SeptRepro_v7,TRUE,notSpecified,NONE,2016G,el
SingleElectron_Run2016Hv2,/SingleElectron/Run2016H-03Feb2017_ver2-v1/MINIAOD,125826667,1,0,1,/SingleElectron/mwassmer-Skim-V1_3j20_1l20_Run2016Hv2_Final-ebfa21a6610d0b639e4a84f26a128382/USER,80X_dataRun2_2016SeptRepro_v7,TRUE,notSpecified,NONE,2016Hv2,el
SingleElectron_Run2016Hv3,/SingleElectron/Run2016H-03Feb2017_ver3-v1/MINIAOD,3191585,1,0,1,/SingleElectron/mwassmer-Skim-V1_3j20_1l20_Run2016Hv3_Final-ebfa21a6610d0b639e4a84f26a128382/USER,80X_dataRun2_2016SeptRepro_v7,TRUE,notSpecified,NONE,2016Hv3,el
SingleElectron_Run2016B,/SingleElectron/Run2016B-03Feb2017_ver2-v2/MINIAOD,246440440,1,0,1,/SingleElectron/mwassmer-Skim-V1_3j20_1l20_Run2016B_Final-ebfa21a6610d0b639e4a84f26a128382/USER,80X_dataRun2_2016SeptRepro_v7,TRUE,notSpecified,NONE,2016B,el
SingleElectron_Run2016C,/SingleElectron/Run2016C-03Feb2017-v1/MINIAOD,97259854,1,0,1,/SingleElectron/mwassmer-Skim-V1_3j20_1l20_Run2016C_Final-ebfa21a6610d0b639e4a84f26a128382/USER,80X_dataRun2_2016SeptRepro_v7,TRUE,notSpecified,NONE,2016C,el
,,,,,,,,,,,,
JetHT_Run2016B,/JetHT/Run2016B-03Feb2017_ver2-v2/MINIAOD,133752091,1,0,1,,80X_dataRun2_2016SeptRepro_v7,TRUE,notSpecified,NONE,2016B,
JetHT_Run2016C,/JetHT/Run2016C-03Feb2017-v1/MINIAOD,46495988,1,0,1,,80X_dataRun2_2016SeptRepro_v7,TRUE,notSpecified,NONE,2016C,
JetHT_Run2016D,/JetHT/Run2016D-03Feb2017-v1/MINIAOD,73330042,1,0,1,,80X_dataRun2_2016SeptRepro_v7,TRUE,notSpecified,NONE,2016D,
JetHT_Run2016E,/JetHT/Run2016E-03Feb2017-v1/MINIAOD,69233002,1,0,1,,80X_dataRun2_2016SeptRepro_v7,TRUE,notSpecified,NONE,2016E,
JetHT_Run2016F,/JetHT/Run2016F-03Feb2017-v1/MINIAOD,48178726,1,0,1,,80X_dataRun2_2016SeptRepro_v7,TRUE,notSpecified,NONE,2016F,
JetHT_Run2016G,/JetHT/Run2016G-03Feb2017-v1/MINIAOD,120731331,1,0,1,,80X_dataRun2_2016SeptRepro_v7,TRUE,notSpecified,NONE,2016G,
JetHT_Run2016Hv2,/JetHT/Run2016H-03Feb2017_ver2-v1/MINIAOD,121001702,1,0,1,,80X_dataRun2_2016SeptRepro_v7,TRUE,notSpecified,NONE,2016Hv2,
JetHT_Run2016Hv3,/JetHT/Run2016H-03Feb2017_ver3-v1/MINIAOD,3053089,1,0,1,,80X_dataRun2_2016SeptRepro_v7,TRUE,notSpecified,NONE,2016Hv3,
,,,,,,,,,,,,
SinglePhoton_Run2016B,/SinglePhoton/Run2016B-03Feb2017_ver2-v2/MINIAOD,56878553,1,0,1,,80X_dataRun2_2016SeptRepro_v7,TRUE,notSpecified,NONE,2016B,
SinglePhoton_Run2016C,/SinglePhoton/Run2016C-03Feb2017-v1/MINIAOD,23147235,1,0,1,,80X_dataRun2_2016SeptRepro_v7,TRUE,notSpecified,NONE,2016C,
SinglePhoton_Run2016D,/SinglePhoton/Run2016D-03Feb2017-v1/MINIAOD,29801360,1,0,1,,80X_dataRun2_2016SeptRepro_v7,TRUE,notSpecified,NONE,2016D,
SinglePhoton_Run2016E,/SinglePhoton/Run2016E-03Feb2017-v1/MINIAOD,22322869,1,0,1,,80X_dataRun2_2016SeptRepro_v7,TRUE,notSpecified,NONE,2016E,
SinglePhoton_Run2016F,/SinglePhoton/Run2016F-03Feb2017-v1/MINIAOD,14666906,1,0,1,,80X_dataRun2_2016SeptRepro_v7,TRUE,notSpecified,NONE,2016F,
SinglePhoton_Run2016G,/SinglePhoton/Run2016G-03Feb2017-v1/MINIAOD,33288854,1,0,1,,80X_dataRun2_2016SeptRepro_v7,TRUE,notSpecified,NONE,2016G,
SinglePhoton_Run2016Hv2,/SinglePhoton/Run2016H-03Feb2017_ver2-v1/MINIAOD,34165560,1,0,1,,80X_dataRun2_2016SeptRepro_v7,TRUE,notSpecified,NONE,2016Hv2,
SinglePhoton_Run2016Hv3,/SinglePhoton/Run2016H-03Feb2017_ver3-v1/MINIAOD,870101,1,0,1,,80X_dataRun2_2016SeptRepro_v7,TRUE,notSpecified,NONE,2016Hv3,
