name,dataset,nGen,Npos-Nneg/Ntotal,XS,weight,boosted_dataset,globalTag,IsData,generator,additionalSelection,isreHLT
,,,,,,,,,,,
ttbar_excl_SL,/TTToSemiLeptonic_13TeV-powheg/RunIISpring16MiniAODv1-PUSpring16_80X_mcRun2_asymptotic_2016_v3_ext1-v1/MINIAODSIM,76838104,1,364.311,0.0047412804,,80X_mcRun2_asymptotic_2016_v3,mc,powhegv2,none,isreHLT
ttbar_excl_SL,/TTToSemiLeptonic_13TeV-powheg/RunIISpring16MiniAODv2-PUSpring16_80X_mcRun2_asymptotic_2016_miniAODv2_v0_ext1-v2/MINIAODSIM,82553420,1,364.311,0.0044130334,,80X_mcRun2_asymptotic_2016_miniAODv2_v0,mc,powhegv2,none,isreHLT
ttbar_excl_SL,/TTToSemiLeptonic_13TeV_ScaleDown-powheg/RunIISpring16MiniAODv1-PUSpring16_80X_mcRun2_asymptotic_2016_v3-v1/MINIAODSIM,27839976,1,364.311,0.0130858949,,80X_mcRun2_asymptotic_2016_v3,mc,powhegv2,none,isreHLT
ttbar_excl_SL,/TTToSemiLeptonic_13TeV_ScaleDown-powheg/RunIISpring16MiniAODv2-PUSpring16_80X_mcRun2_asymptotic_2016_miniAODv2_v0-v1/MINIAODSIM,27891808,1,364.311,0.0130615771,,80X_mcRun2_asymptotic_2016_miniAODv2_v0,mc,powhegv2,none,isreHLT
ttbar_excl_SL,/TTToSemiLeptonic_13TeV_ScaleUp-powheg/RunIISpring16MiniAODv1-PUSpring16_80X_mcRun2_asymptotic_2016_v3-v1/MINIAODSIM,27391330,1,364.311,0.0133002304,,80X_mcRun2_asymptotic_2016_v3,mc,powhegv2,none,isreHLT
ttbar_excl_SL,/TTToSemiLeptonic_13TeV_ScaleUp-powheg/RunIISpring16MiniAODv2-PUSpring16_80X_mcRun2_asymptotic_2016_miniAODv2_v0-v1/MINIAODSIM,27398424,1,364.311,0.0132967867,,80X_mcRun2_asymptotic_2016_miniAODv2_v0,mc,powhegv2,none,isreHLT
,,,,,,,,,,,
ttbar_excl_DL,/TTTo2L2Nu_13TeV-powheg/RunIISpring16MiniAODv1-PUSpring16_80X_mcRun2_asymptotic_2016_v3_ext1-v1/MINIAODSIM,103855522,1,87.335,0.0008409278,,80X_mcRun2_asymptotic_2016_v3,mc,powhegv2,none,isreHLT
ttbar_excl_DL,/TTTo2L2Nu_13TeV-powheg/RunIISpring16MiniAODv2-PUSpring16_80X_mcRun2_asymptotic_2016_miniAODv2_v0_ext1-v1/MINIAODSIM,104607105,1,87.335,0.0008348859,,80X_mcRun2_asymptotic_2016_miniAODv2_v0,mc,powhegv2,none,isreHLT
ttbar_excl_DL,/TTTo2L2Nu_13TeV_ScaleDown-powheg/RunIISpring16MiniAODv1-PUSpring16_80X_mcRun2_asymptotic_2016_v3-v1/MINIAODSIM,5866188,1,87.335,0.0148878624,,80X_mcRun2_asymptotic_2016_v3,mc,powhegv2,none,isreHLT
ttbar_excl_DL,/TTTo2L2Nu_13TeV_ScaleDown-powheg/RunIISpring16MiniAODv2-PUSpring16_80X_mcRun2_asymptotic_2016_miniAODv2_v0-v1/MINIAODSIM,5924588,1,87.335,0.0147411094,,80X_mcRun2_asymptotic_2016_miniAODv2_v0,mc,powhegv2,none,isreHLT
ttbar_excl_DL,/TTTo2L2Nu_13TeV_ScaleUp-powheg/RunIISpring16MiniAODv1-PUSpring16_80X_mcRun2_asymptotic_2016_v3-v1/MINIAODSIM,5916240,1,87.335,0.0147619096,,80X_mcRun2_asymptotic_2016_v3,mc,powhegv2,none,isreHLT
ttbar_excl_DL,/TTTo2L2Nu_13TeV_ScaleUp-powheg/RunIISpring16MiniAODv2-PUSpring16_80X_mcRun2_asymptotic_2016_miniAODv2_v0-v1/MINIAODSIM,5965640,1,87.335,0.0146396698,,80X_mcRun2_asymptotic_2016_miniAODv2_v0,mc,powhegv2,none,isreHLT
,,,,,,,,,,,
ttbar,/TT_TuneCUETP8M1_13TeV-amcatnlo-pythia8/RunIISpring16MiniAODv2-PUSpring16_RECODEBUG_80X_mcRun2_asymptotic_2016_miniAODv2_v0_ext1-v1/MINIAODSIM,200000,0.49088,831.76,8.4721316819,,80X_mcRun2_asymptotic_2016_miniAODv2_v0,mc,aMCatNLO,none,isreHLT
ttbar,/TT_TuneCUETP8M1_13TeV-powheg-pythia8-evtgen/RunIISpring16MiniAODv1-PUSpring16_80X_mcRun2_asymptotic_2016_v3-v1/MINIAODSIM,14725200,1,831.76,0.0564854807,,80X_mcRun2_asymptotic_2016_v3,mc,powhegv2,none,isreHLT
ttbar,/TT_TuneCUETP8M1_13TeV-powheg-pythia8-evtgen/RunIISpring16MiniAODv2-PUSpring16_80X_mcRun2_asymptotic_2016_miniAODv2_v0-v1/MINIAODSIM,14803800,1,831.76,0.056185574,,80X_mcRun2_asymptotic_2016_miniAODv2_v0,mc,powhegv2,none,isreHLT
ttbar,/TT_TuneCUETP8M1_13TeV-powheg-pythia8/RunIISpring16MiniAODv1-PUSpring16RAWAODSIM_80X_mcRun2_asymptotic_2016_v3_ext3-v1/MINIAODSIM,92774381,1,831.76,0.0089654061,,80X_mcRun2_asymptotic_2016_v3,mc,powhegv2,none,isreHLT
ttbar,/TT_TuneCUETP8M1_13TeV-powheg-pythia8/RunIISpring16MiniAODv2-PUSpring16RAWAODSIM_80X_mcRun2_asymptotic_2016_miniAODv2_v0_ext3-v1/MINIAODSIM,93121240,1,831.76,0.0089320116,,80X_mcRun2_asymptotic_2016_miniAODv2_v0,mc,powhegv2,none,isreHLT
ttbar,/TT_TuneCUETP8M1_13TeV-powheg-pythia8/RunIISpring16MiniAODv2-PUSpring16RAWAODSIM_reHLT_80X_mcRun2_asymptotic_v14_ext3-v1/MINIAODSIM,92925926,1,831.76,0.0089507852,,80X_mcRun2_asymptotic_v14,mc,powhegv2,none,isreHLT
ttbar,/TT_TuneCUETP8M1_13TeV-powheg-pythia8/RunIISpring16MiniAODv2-PUSpring16_80X_mcRun2_asymptotic_2016_miniAODv2_v0_ext3-v2/MINIAODSIM,32104087,1,831.76,0.0259082278,,80X_mcRun2_asymptotic_2016_miniAODv2_v0,mc,powhegv2,none,isreHLT
ttbar,/TT_TuneCUETP8M1_13TeV-powheg-pythia8/RunIISpring16MiniAODv2-PUSpring16_80X_mcRun2_asymptotic_2016_miniAODv2_v0_ext4-v1/MINIAODSIM,182123200,1,831.76,0.0045670184,,80X_mcRun2_asymptotic_2016_miniAODv2_v0,mc,powhegv2,none,isreHLT
ttbar,/TT_TuneCUETP8M1_13TeV-powheg-pythia8/RunIISpring16MiniAODv2-PUSpring16_RECODEBUG_80X_mcRun2_asymptotic_2016_miniAODv2_v0_ext3-v1/MINIAODSIM,187157,1,831.76,4.4441832259,,80X_mcRun2_asymptotic_2016_miniAODv2_v0,mc,powhegv2,none,isreHLT
ttbar,/TT_TuneCUETP8M1_13TeV-powheg-scaledown-pythia8/RunIISpring16MiniAODv1-PUSpring16_80X_mcRun2_asymptotic_2016_v3-v1/MINIAODSIM,9942427,1,831.76,0.0836576421,,80X_mcRun2_asymptotic_2016_v3,mc,powhegv2,none,isreHLT
ttbar,/TT_TuneCUETP8M1_13TeV-powheg-scaledown-pythia8/RunIISpring16MiniAODv2-PUSpring16_80X_mcRun2_asymptotic_2016_miniAODv2_v0-v1/MINIAODSIM,9942427,1,831.76,0.0836576421,,80X_mcRun2_asymptotic_2016_miniAODv2_v0,mc,powhegv2,none,isreHLT
ttbar,/TT_TuneCUETP8M1_13TeV-powheg-scaleup-pythia8/RunIISpring16MiniAODv1-PUSpring16_80X_mcRun2_asymptotic_2016_v3-v1/MINIAODSIM,9862076,1,831.76,0.0843392405,,80X_mcRun2_asymptotic_2016_v3,mc,powhegv2,none,isreHLT
ttbar,/TT_TuneCUETP8M1_13TeV-powheg-scaleup-pythia8/RunIISpring16MiniAODv2-PUSpring16_80X_mcRun2_asymptotic_2016_miniAODv2_v0-v1/MINIAODSIM,9933327,1,831.76,0.0837342816,,80X_mcRun2_asymptotic_2016_miniAODv2_v0,mc,powhegv2,none,isreHLT
ttbar,/TT_TuneCUETP8M1_alphaS01273_13TeV-madgraphMLM-pythia8/RunIISpring16MiniAODv2-PUSpring16_80X_mcRun2_asymptotic_2016_miniAODv2_v0-v1/MINIAODSIM,11076868,1,831.76,0.0750898178,,80X_mcRun2_asymptotic_2016_miniAODv2_v0,mc,MG_aMCatNLO MLM,none,isreHLT
ttbar,/TT_TuneCUETP8M1_alphaS01273_13TeV-powheg-pythia8/RunIISpring16MiniAODv1-PUSpring16_80X_mcRun2_asymptotic_2016_v3-v1/MINIAODSIM,34387200,1,831.76,0.02418807,,80X_mcRun2_asymptotic_2016_v3,mc,powhegv2,none,isreHLT
ttbar,/TT_TuneCUETP8M1_alphaS01273_13TeV-powheg-pythia8/RunIISpring16MiniAODv2-PUSpring16_RECODEBUG_80X_mcRun2_asymptotic_2016_miniAODv2_v0-v1/MINIAODSIM,200000,1,831.76,4.1588,,80X_mcRun2_asymptotic_2016_miniAODv2_v0,mc,powhegv2,none,isreHLT
ttbar,/TT_TuneCUETP8M1_alphaS01273_13TeV-powheg-scaledown-pythia8/RunIISpring16MiniAODv1-PUSpring16_80X_mcRun2_asymptotic_2016_v3-v3/MINIAODSIM,9179200,1,831.76,0.0906135611,,80X_mcRun2_asymptotic_2016_v3,mc,powhegv2,none,isreHLT
ttbar,/TT_TuneCUETP8M1_alphaS01273_13TeV-powheg-scaledown-pythia8/RunIISpring16MiniAODv2-PUSpring16_80X_mcRun2_asymptotic_2016_miniAODv2_v0-v1/MINIAODSIM,9954800,1,831.76,0.0835536626,,80X_mcRun2_asymptotic_2016_miniAODv2_v0,mc,powhegv2,none,isreHLT
ttbar,/TT_TuneCUETP8M1_alphaS01273_13TeV-powheg-scaleup-pythia8/RunIISpring16MiniAODv1-PUSpring16_80X_mcRun2_asymptotic_2016_v3-v1/MINIAODSIM,9555200,1,831.76,0.0870478902,,80X_mcRun2_asymptotic_2016_v3,mc,powhegv2,none,isreHLT
ttbar,/TT_TuneCUETP8M1_alphaS01273_13TeV-powheg-scaleup-pythia8/RunIISpring16MiniAODv2-PUSpring16_80X_mcRun2_asymptotic_2016_miniAODv2_v0-v1/MINIAODSIM,9828800,1,831.76,0.0846247762,,80X_mcRun2_asymptotic_2016_miniAODv2_v0,mc,powhegv2,none,isreHLT
ttbar,/TT_TuneCUETP8M1_mtop1695_13TeV-powheg-pythia8/RunIISpring16MiniAODv1-PUSpring16_80X_mcRun2_asymptotic_2016_v3_ext1-v1/MINIAODSIM,29196125,1,831.76,0.0284887121,,80X_mcRun2_asymptotic_2016_v3,mc,powhegv2,none,isreHLT
ttbar,/TT_TuneCUETP8M1_mtop1695_13TeV-powheg-pythia8/RunIISpring16MiniAODv2-PUSpring16_80X_mcRun2_asymptotic_2016_miniAODv2_v0_ext1-v1/MINIAODSIM,29205760,1,831.76,0.0284793137,,80X_mcRun2_asymptotic_2016_miniAODv2_v0,mc,powhegv2,none,isreHLT
ttbar,/TT_TuneCUETP8M1_mtop1755_13TeV-powheg-pythia8/RunIISpring16MiniAODv1-PUSpring16_80X_mcRun2_asymptotic_2016_v3_ext1-v1/MINIAODSIM,29149600,1,831.76,0.0285341823,,80X_mcRun2_asymptotic_2016_v3,mc,powhegv2,none,isreHLT
ttbar,/TT_TuneCUETP8M1_mtop1755_13TeV-powheg-pythia8/RunIISpring16MiniAODv2-PUSpring16_80X_mcRun2_asymptotic_2016_miniAODv2_v0_ext1-v1/MINIAODSIM,29220000,1,831.76,0.0284654346,,80X_mcRun2_asymptotic_2016_miniAODv2_v0,mc,powhegv2,none,isreHLT
ttbar,/TT_TuneCUETP8M1_mtop1785_13TeV-powheg-pythia8/RunIISpring16MiniAODv2-PUSpring16_80X_mcRun2_asymptotic_2016_miniAODv2_v0_ext1-v1/MINIAODSIM,19634243,1,831.76,0.0423627231,,80X_mcRun2_asymptotic_2016_miniAODv2_v0,mc,powhegv2,none,isreHLT
ttbar,/TT_TuneCUETP8M1mpiOFF_13TeV-powheg-pythia8/RunIISpring16MiniAODv1-PUSpring16_80X_mcRun2_asymptotic_2016_v3-v1/MINIAODSIM,24017200,1,831.76,0.0346318472,,80X_mcRun2_asymptotic_2016_v3,mc,powhegv2,none,isreHLT
ttbar,/TT_TuneCUETP8M1mpiOFF_13TeV-powheg-pythia8/RunIISpring16MiniAODv2-PUSpring16_80X_mcRun2_asymptotic_2016_miniAODv2_v0-v1/MINIAODSIM,24193400,1,831.76,0.0343796242,,80X_mcRun2_asymptotic_2016_miniAODv2_v0,mc,powhegv2,none,isreHLT
ttbar,/TT_TuneCUETP8M1noCR_13TeV-powheg-pythia8/RunIISpring16MiniAODv1-PUSpring16_80X_mcRun2_asymptotic_2016_v3-v1/MINIAODSIM,24123800,1,831.76,0.0344788135,,80X_mcRun2_asymptotic_2016_v3,mc,powhegv2,none,isreHLT
ttbar,/TT_TuneCUETP8M1noCR_13TeV-powheg-pythia8/RunIISpring16MiniAODv2-PUSpring16_80X_mcRun2_asymptotic_2016_miniAODv2_v0-v1/MINIAODSIM,24374800,1,831.76,0.0341237672,,80X_mcRun2_asymptotic_2016_miniAODv2_v0,mc,powhegv2,none,isreHLT
ttbar,/TT_TuneEE5C_13TeV-powheg-herwigpp/RunIISpring16MiniAODv1-PUSpring16_80X_mcRun2_asymptotic_2016_v3-v2/MINIAODSIM,19788268,1,831.76,0.0420329864,,80X_mcRun2_asymptotic_2016_v3,mc,powhegv2,none,isreHLT
ttbar,/TT_TuneEE5C_13TeV-powheg-herwigpp/RunIISpring16MiniAODv2-PUSpring16_80X_mcRun2_asymptotic_2016_miniAODv2_v0-v1/MINIAODSIM,19797067,1,831.76,0.0420143044,,80X_mcRun2_asymptotic_2016_miniAODv2_v0,mc,powhegv2,none,isreHLT
ttbar,/TT_TuneEE5CmpiOFF_13TeV-powheg-herwigpp/RunIISpring16MiniAODv1-PUSpring16_80X_mcRun2_asymptotic_2016_v3-v1/MINIAODSIM,23026768,1,831.76,0.0361214392,,80X_mcRun2_asymptotic_2016_v3,mc,powhegv2,none,isreHLT
ttbar,/TT_TuneEE5CmpiOFF_13TeV-powheg-herwigpp/RunIISpring16MiniAODv2-PUSpring16_80X_mcRun2_asymptotic_2016_miniAODv2_v0-v1/MINIAODSIM,23400944,1,831.76,0.0355438652,,80X_mcRun2_asymptotic_2016_miniAODv2_v0,mc,powhegv2,none,isreHLT
ttbar,"/TT_TuneCUETP8M1_mtop1665_13TeV-powheg-pythia8/RunIISpring16MiniAODv2-PUSpring16_80X_mcRun2_asymptotic_2016_miniAODv2_v0-v1/MINIAODSIM,/TT_TuneCUETP8M1_mtop1665_13TeV-powheg-pythia8/RunIISpring16MiniAODv2-PUSpring16_80X_mcRun2_asymptotic_2016_miniAODv2_v0_ext1-v1/MINIAODSIM",38935260,1,831.76,0.0213626415,,80X_mcRun2_asymptotic_2016_miniAODv2_v0,mc,powhegv2,none,isreHLT
ttbar,"/TT_TuneCUETP8M1_13TeV-powheg-pythia8/RunIISpring16MiniAODv1-PUSpring16_80X_mcRun2_asymptotic_2016_v3_ext3-v1/MINIAODSIM,/TT_TuneCUETP8M1_13TeV-powheg-pythia8/RunIISpring16MiniAODv1-PUSpring16_80X_mcRun2_asymptotic_2016_v3_ext4-v1/MINIAODSIM",215789699,1,831.76,0.0038544935,,80X_mcRun2_asymptotic_2016_v3,mc,powhegv2,none,isreHLT
,,,,,,,,,,,
ttjets,/TTJets_TuneCUETP8M1_13TeV-amcatnloFXFX-pythia8/RunIISpring16MiniAODv1-PUSpring16RAWAODSIM_80X_mcRun2_asymptotic_2016_v3-v2/MINIAODSIM,37670174,0,831.76,0,,80X_mcRun2_asymptotic_2016_v3,mc,MG_aMCatNLO Fxfx,none,isreHLT
ttjets,/TTJets_TuneCUETP8M1_13TeV-amcatnloFXFX-pythia8/RunIISpring16MiniAODv1-PUSpring16_80X_mcRun2_asymptotic_2016_v3-v3/MINIAODSIM,28088535,0,831.76,0,,80X_mcRun2_asymptotic_2016_v3,mc,MG_aMCatNLO Fxfx,none,isreHLT
ttjets,/TTJets_TuneCUETP8M1_13TeV-amcatnloFXFX-pythia8/RunIISpring16MiniAODv2-PUSpring16RAWAODSIM_80X_mcRun2_asymptotic_2016_miniAODv2_v0-v1/MINIAODSIM,37459078,0,831.76,0,,80X_mcRun2_asymptotic_2016_miniAODv2_v0,mc,MG_aMCatNLO Fxfx,none,isreHLT
ttjets,/TTJets_TuneCUETP8M1_13TeV-amcatnloFXFX-pythia8/RunIISpring16MiniAODv2-PUSpring16RAWAODSIM_reHLT_80X_mcRun2_asymptotic_v14-v1/MINIAODSIM,38261382,0.3321164887,831.76,0.06545562,,80X_mcRun2_asymptotic_v14,mc,MG_aMCatNLO Fxfx,none,isreHLT
ttjets,/TTJets_TuneCUETP8M1_13TeV-madgraphMLM-pythia8/RunIISpring16MiniAODv2-PUSpring16_80X_mcRun2_asymptotic_2016_miniAODv2_v0-v1/MINIAODSIM,10259872,1,831.76,0.0810692375,,80X_mcRun2_asymptotic_2016_miniAODv2_v0,mc,MG_aMCatNLO MLM,none,isreHLT
ttjets,/TTJets_TuneCUETP8M1_alphaS0118_13TeV-amcatnloFXFX-pythia8/RunIISpring16MiniAODv2-PUSpring16_80X_mcRun2_asymptotic_2016_miniAODv2_v0-v1/MINIAODSIM,30524836,0.3410607032,831.76,0.0798937872,,80X_mcRun2_asymptotic_2016_miniAODv2_v0,mc,MG_aMCatNLO Fxfx,none,isreHLT
,,,,,,,,,,,
TTJETS_DL,/TTJets_DiLept_TuneCUETP8M1_13TeV-madgraphMLM-pythia8/RunIISpring16MiniAODv2-PUSpring16_80X_mcRun2_asymptotic_2016_miniAODv2_v0-v4/MINIAODSIM,6058236,1,87.3348,0.0144158795,,80X_mcRun2_asymptotic_2016_miniAODv2_v0,mc,MG_aMCatNLO MLM,none,isreHLT
TTJETS_DL,/TTJets_DiLept_TuneCUETP8M1_13TeV-madgraphMLM-pythia8/RunIISpring16MiniAODv2-PUSpring16_80X_mcRun2_asymptotic_2016_miniAODv2_v0_ext1-v1/MINIAODSIM,24623997,1,87.3348,0.0035467353,,80X_mcRun2_asymptotic_2016_miniAODv2_v0,mc,MG_aMCatNLO MLM,none,isreHLT
TTJETS_DL,"/TTJets_DiLept_TuneCUETP8M1_13TeV-madgraphMLM-pythia8/RunIISpring16MiniAODv1-PUSpring16_80X_mcRun2_asymptotic_2016_v3-v1/MINIAODSIM,/TTJets_DiLept_TuneCUETP8M1_13TeV-madgraphMLM-pythia8/RunIISpring16MiniAODv1-PUSpring16_80X_mcRun2_asymptotic_2016_v3_ext1-v1/MINIAODSIM",30587326,1,87.3348,0.002855261,,80X_mcRun2_asymptotic_2016_v3,mc,MG_aMCatNLO MLM,none,isreHLT
,,,,,,,,,,,
TTJETS_SlfromT,/TTJets_SingleLeptFromT_TuneCUETP8M1_13TeV-madgraphMLM-pythia8/RunIISpring16MiniAODv2-PUSpring16_80X_mcRun2_asymptotic_2016_miniAODv2_v0-v1/MINIAODSIM,9468936,1,182.15544,0.0192371603,,80X_mcRun2_asymptotic_2016_miniAODv2_v0,mc,MG_aMCatNLO MLM,none,isreHLT
TTJETS_SlfromT,"/TTJets_SingleLeptFromT_TuneCUETP8M1_13TeV-madgraphMLM-pythia8/RunIISpring16MiniAODv1-PUSpring16_80X_mcRun2_asymptotic_2016_v3-v1/MINIAODSIM,/TTJets_SingleLeptFromT_TuneCUETP8M1_13TeV-madgraphMLM-pythia8/RunIISpring16MiniAODv1-PUSpring16_80X_mcRun2_asymptotic_2016_v3_ext1-v1/MINIAODSIM",52961502,1,182.15544,0.0034393934,,80X_mcRun2_asymptotic_2016_v3,mc,MG_aMCatNLO MLM,none,isreHLT
,,,,,,,,,,,
TTJETS_SlfromTbar,"/TTJets_SingleLeptFromTbar_TuneCUETP8M1_13TeV-madgraphMLM-pythia8/RunIISpring16MiniAODv2-PUSpring16_80X_mcRun2_asymptotic_2016_miniAODv2_v0-v1/MINIAODSIM,/TTJets_SingleLeptFromTbar_TuneCUETP8M1_13TeV-madgraphMLM-pythia8/RunIISpring16MiniAODv2-PUSpring16_80X_mcRun2_asymptotic_2016_miniAODv2_v0_ext1-v1/MINIAODSIM",60494823,1,182.15544,0.0030110914,,look at me again,mc,MG_aMCatNLO MLM,none,isreHLT
TTJETS_SlfromTbar,"/TTJets_SingleLeptFromTbar_TuneCUETP8M1_13TeV-madgraphMLM-pythia8/RunIISpring16MiniAODv1-PUSpring16_80X_mcRun2_asymptotic_2016_v3-v1/MINIAODSIM,/TTJets_SingleLeptFromTbar_TuneCUETP8M1_13TeV-madgraphMLM-pythia8/RunIISpring16MiniAODv1-PUSpring16_80X_mcRun2_asymptotic_2016_v3_ext1-v1/MINIAODSIM",59654914,1,182.15544,0.0030534859,,80X_mcRun2_asymptotic_2016_v3,mc,MG_aMCatNLO MLM,none,isreHLT
,,,,,,,,,,,
ttHbb,/ttHTobb_M125_13TeV_powheg_pythia8/RunIISpring16MiniAODv1-PUSpring16RAWAODSIM_80X_mcRun2_asymptotic_2016_v3-v1/MINIAODSIM,3550938,1,0.2934,8.26260554254E-005,,80X_mcRun2_asymptotic_2016_v3,mc,PowhegBoxV2,none,isreHLT
ttHbb,/ttHTobb_M125_13TeV_powheg_pythia8/RunIISpring16MiniAODv2-PUSpring16RAWAODSIM_80X_mcRun2_asymptotic_2016_miniAODv2_v0-v2/MINIAODSIM,3936004,1,0.2934,7.45426071721E-005,,80X_mcRun2_asymptotic_2016_miniAODv2_v0,mc,PowhegBoxV2,none,isreHLT
ttHbb,/ttHTobb_M125_13TeV_powheg_pythia8/RunIISpring16MiniAODv2-PUSpring16RAWAODSIM_reHLT_80X_mcRun2_asymptotic_v14-v1/MINIAODSIM,3912212,1,0.2934,7.49959358031E-005,,80X_mcRun2_asymptotic_v14,mc,PowhegBoxV2,none,isreHLT
,,,,,,,,,,,
ttHnonbb,/ttHToNonbb_M125_13TeV_powheg_pythia8/RunIISpring16MiniAODv1-PUSpring16RAWAODSIM_80X_mcRun2_asymptotic_2016_v3-v1/MINIAODSIM,3805164,1,0.2151,5.65284439777E-005,,80X_mcRun2_asymptotic_2016_v3,mc,PowhegBoxV2,none,isreHLT
ttHnonbb,/ttHToNonbb_M125_13TeV_powheg_pythia8/RunIISpring16MiniAODv2-PUSpring16RAWAODSIM_80X_mcRun2_asymptotic_2016_miniAODv2_v0-v1/MINIAODSIM,3838288,1,0.2151,5.60406097719E-005,,80X_mcRun2_asymptotic_2016_miniAODv2_v0,mc,PowhegBoxV2,none,isreHLT
ttHnonbb,/ttHToNonbb_M125_13TeV_powheg_pythia8/RunIISpring16MiniAODv2-PUSpring16RAWAODSIM_reHLT_80X_mcRun2_asymptotic_v14-v1/MINIAODSIM,3860872,1,0.2151,5.57128027036E-005,,80X_mcRun2_asymptotic_v14,mc,PowhegBoxV2,none,isreHLT
,,,,,,,,,,,
Zjets_m10to50,/DYJetsToLL_M-10to50_TuneCUETP8M1_13TeV-amcatnloFXFX-pythia8/RunIISpring16MiniAODv1-PUSpring16_80X_mcRun2_asymptotic_2016_v3-v1/MINIAODSIM,30912410,0,22635.09,0,,80X_mcRun2_asymptotic_2016_v3,mc,amcatnlo,none,isreHLT
Zjets_m10to50,/DYJetsToLL_M-10to50_TuneCUETP8M1_13TeV-amcatnloFXFX-pythia8/RunIISpring16MiniAODv2-PUSpring16_80X_mcRun2_asymptotic_2016_miniAODv2_v0-v1/MINIAODSIM,30915886,0.7292444657,22635.09,1.0039853751,,80X_mcRun2_asymptotic_2016_miniAODv2_v0,mc,amcatnlo,none,isreHLT
Zjets_m10to50,/DYJetsToLL_M-10to50_TuneCUETP8M1_13TeV-madgraphMLM-pythia8/RunIISpring16MiniAODv1-PUSpring16_80X_mcRun2_asymptotic_2016_v3-v1/MINIAODSIM,34926099,1,22635.09,0.6480852614,,80X_mcRun2_asymptotic_2016_v3,mc,Madgraph5_aMC@NLO,none,isreHLT
Zjets_m10to50,/DYJetsToLL_M-10to50_TuneCUETP8M1_13TeV-madgraphMLM-pythia8/RunIISpring16MiniAODv2-PUSpring16_80X_mcRun2_asymptotic_2016_miniAODv2_v0-v1/MINIAODSIM,35079788,1,22635.09,0.6452459177,,80X_mcRun2_asymptotic_2016_miniAODv2_v0,mc,Madgraph5_aMC@NLO,none,isreHLT
,,,,,,,,,,,
st_tchan,/ST_t-channel_top_4f_leptonDecays_13TeV-powheg-pythia8_TuneCUETP8M1/RunIISpring16MiniAODv1-PUSpring16_80X_mcRun2_asymptotic_2016_v3-v3/MINIAODSIM,3279200,1,45.34,0.0138265431,,80X_mcRun2_asymptotic_2016_v3,mc,Powheg,none,isreHLT
st_tchan,/ST_t-channel_top_4f_leptonDecays_13TeV-powheg-pythia8_TuneCUETP8M1/RunIISpring16MiniAODv2-PUSpring16_80X_mcRun2_asymptotic_2016_miniAODv2_v0-v1/MINIAODSIM,3279200,1,45.34,0.0138265431,/ST_t-channel_top_4f_leptonDecays_13TeV-powheg-pythia8_TuneCUETP8M1/koschwei-BoostedMiniAODICHEPv1-b33028ddd301e05587dac614603b7978/USER,80X_mcRun2_asymptotic_2016_miniAODv2_v0,mc,Powheg,none,isreHLT
,,,,,,,,,,,
stbar_tchan,/ST_t-channel_antitop_4f_leptonDecays_13TeV-powheg-pythia8_TuneCUETP8M1/RunIISpring16MiniAODv1-PUSpring16_80X_mcRun2_asymptotic_2016_v3-v1/MINIAODSIM,1666000,1,27.98,0.0167947179,,80X_mcRun2_asymptotic_2016_v3,mc,Powheg,none,isreHLT
stbar_tchan,/ST_t-channel_antitop_4f_leptonDecays_13TeV-powheg-pythia8_TuneCUETP8M1/RunIISpring16MiniAODv2-PUSpring16_80X_mcRun2_asymptotic_2016_miniAODv2_v0-v1/MINIAODSIM,1682400,1,27.98,0.0166310033,/ST_t-channel_antitop_4f_leptonDecays_13TeV-powheg-pythia8_TuneCUETP8M1/koschwei-BoostedMiniAODICHEPv1-b33028ddd301e05587dac614603b7978/USER,80X_mcRun2_asymptotic_2016_miniAODv2_v0,mc,Powheg,none,isreHLT
,,,,,,,,,,,
st_tWchan,/ST_tW_top_5f_inclusiveDecays_13TeV-powheg-pythia8_TuneCUETP8M1/RunIISpring16MiniAODv1-PUSpring16_80X_mcRun2_asymptotic_2016_v3-v1/MINIAODSIM,998400,1,35.9,0.0359575321,,80X_mcRun2_asymptotic_2016_v3,mc,Powheg,none,isreHLT
st_tWchan,/ST_tW_top_5f_inclusiveDecays_13TeV-powheg-pythia8_TuneCUETP8M1/RunIISpring16MiniAODv2-PUSpring16_80X_mcRun2_asymptotic_2016_miniAODv2_v0-v2/MINIAODSIM,998400,1,35.9,0.0359575321,/ST_tW_top_5f_inclusiveDecays_13TeV-powheg-pythia8_TuneCUETP8M1/koschwei-BoostedMiniAODICHEPv1-b33028ddd301e05587dac614603b7978/USER,80X_mcRun2_asymptotic_2016_miniAODv2_v0,mc,Powheg,none,isreHLT
,,,,,,,,,,,
stbar_tWchan,/ST_tW_antitop_5f_inclusiveDecays_13TeV-powheg-pythia8_TuneCUETP8M1/RunIISpring16MiniAODv1-PUSpring16_80X_mcRun2_asymptotic_2016_v3-v1/MINIAODSIM,967600,1,35.9,0.0371021083,,80X_mcRun2_asymptotic_2016_v3,mc,Powheg,none,isreHLT
stbar_tWchan,/ST_tW_antitop_5f_inclusiveDecays_13TeV-powheg-pythia8_TuneCUETP8M1/RunIISpring16MiniAODv2-PUSpring16_80X_mcRun2_asymptotic_2016_miniAODv2_v0-v1/MINIAODSIM,985000,1,35.9,0.0364467005,/ST_tW_antitop_5f_inclusiveDecays_13TeV-powheg-pythia8_TuneCUETP8M1/koschwei-BoostedMiniAODICHEPv1-b33028ddd301e05587dac614603b7978/USER,80X_mcRun2_asymptotic_2016_miniAODv2_v0,mc,Powheg,none,isreHLT
,,,,,,,,,,,
st_schan,/ST_s-channel_4f_leptonDecays_13TeV-amcatnlo-pythia8_TuneCUETP8M1/RunIISpring16MiniAODv1-PUSpring16_80X_mcRun2_asymptotic_2016_v3-v1/MINIAODSIM,1000000,0.624212272,3.44,0.0055109458,,80X_mcRun2_asymptotic_2016_v3,mc,MG_aMCatNLO NLO,none,isreHLT
st_schan,/ST_s-channel_4f_leptonDecays_13TeV-amcatnlo-pythia8_TuneCUETP8M1/RunIISpring16MiniAODv2-PUSpring16_80X_mcRun2_asymptotic_2016_miniAODv2_v0-v1/MINIAODSIM,1000000,0,3.44,0,,80X_mcRun2_asymptotic_2016_miniAODv2_v0,mc,MG_aMCatNLO NLO,none,isreHLT
,,,,,,,,,,,
ttW_hadr,/TTWJetsToQQ_TuneCUETP8M1_13TeV-amcatnloFXFX-madspin-pythia8/RunIISpring16MiniAODv1-PUSpring16_80X_mcRun2_asymptotic_2016_v3-v1/MINIAODSIM,833298,0,0.435,0,,80X_mcRun2_asymptotic_2016_v3,mc,MG_aMCatNLO MLM,none,isreHLT
ttW_hadr,/TTWJetsToQQ_TuneCUETP8M1_13TeV-amcatnloFXFX-madspin-pythia8/RunIISpring16MiniAODv2-PUSpring16_80X_mcRun2_asymptotic_2016_miniAODv2_v0-v1/MINIAODSIM,833298,0.5148200904,0.435,0.0010139894,,80X_mcRun2_asymptotic_2016_miniAODv2_v0,mc,MG_aMCatNLO MLM,none,isreHLT
,,,,,,,,,,,
ttW_lept,/TTWJetsToLNu_TuneCUETP8M1_13TeV-amcatnloFXFX-madspin-pythia8/RunIISpring16MiniAODv1-PUSpring16_80X_mcRun2_asymptotic_2016_v3-v1/MINIAODSIM,252673,0.5155873402,0.21,0.0016119747,,80X_mcRun2_asymptotic_2016_v3,mc,MG_aMCatNLO MLM,none,isreHLT
ttW_lept,/TTWJetsToLNu_TuneCUETP8M1_13TeV-amcatnloFXFX-madspin-pythia8/RunIISpring16MiniAODv2-PUSpring16_80X_mcRun2_asymptotic_2016_miniAODv2_v0-v1/MINIAODSIM,252673,0.5155873402,0.21,0.0016119747,,80X_mcRun2_asymptotic_2016_miniAODv2_v0,mc,MG_aMCatNLO MLM,none,isreHLT
,,,,,,,,,,,
ttZ_hadr,/TTZToQQ_TuneCUETP8M1_13TeV-amcatnlo-pythia8/RunIISpring16MiniAODv1-PUSpring16_80X_mcRun2_asymptotic_2016_v3-v1/MINIAODSIM,749400,0,0.611,0,,80X_mcRun2_asymptotic_2016_v3,mc,aMCatNLO,none,isreHLT
ttZ_hadr,/TTZToQQ_TuneCUETP8M1_13TeV-amcatnlo-pythia8/RunIISpring16MiniAODv2-PUSpring16_80X_mcRun2_asymptotic_2016_miniAODv2_v0-v1/MINIAODSIM,749400,0.4686646514,0.611,0.0017396638,,80X_mcRun2_asymptotic_2016_miniAODv2_v0,mc,aMCatNLO,none,isreHLT
,,,,,,,,,,,
WJets-HT-100-200,/WJetsToLNu_HT-100To200_TuneCUETP8M1_13TeV-madgraphMLM-pythia8/RunIISpring16MiniAODv1-PUSpring16_80X_mcRun2_asymptotic_2016_v3_ext1-v2/MINIAODSIM,29551425,1,1345,0.0455138796,,80X_mcRun2_asymptotic_2016_v3,mc,MG_aMCatNLO MLM,none,isreHLT
WJets-HT-100-200,/WJetsToLNu_HT-100To200_TuneCUETP8M1_13TeV-madgraphMLM-pythia8/RunIISpring16MiniAODv2-PUSpring16_80X_mcRun2_asymptotic_2016_miniAODv2_v0_ext1-v1/MINIAODSIM,27546978,1,1345,0.0488256824,/WJetsToLNu_HT-100To200_TuneCUETP8M1_13TeV-madgraphMLM-pythia8/koschwei-BoostedMiniAODICHEPv1-b33028ddd301e05587dac614603b7978/USER,80X_mcRun2_asymptotic_2016_miniAODv2_v0,mc,MG_aMCatNLO MLM,none,isreHLT
,,,,,,,,,,,
WJets-HT-200-400,/WJetsToLNu_HT-200To400_TuneCUETP8M1_13TeV-madgraphMLM-pythia8/RunIISpring16MiniAODv1-PUSpring16_80X_mcRun2_asymptotic_2016_v3-v2/MINIAODSIM,4963240,1,359.7,0.0724728202,,80X_mcRun2_asymptotic_2016_v3,mc,MG_aMCatNLO MLM,none,isreHLT
WJets-HT-200-400,/WJetsToLNu_HT-200To400_TuneCUETP8M1_13TeV-madgraphMLM-pythia8/RunIISpring16MiniAODv1-PUSpring16_80X_mcRun2_asymptotic_2016_v3_ext1-v1/MINIAODSIM,15003432,1,359.7,0.0239745146,,80X_mcRun2_asymptotic_2016_v3,mc,MG_aMCatNLO MLM,none,isreHLT
WJets-HT-200-400,"/WJetsToLNu_HT-200To400_TuneCUETP8M1_13TeV-madgraphMLM-pythia8/RunIISpring16MiniAODv2-PUSpring16_80X_mcRun2_asymptotic_2016_miniAODv2_v0-v1/MINIAODSIM,/WJetsToLNu_HT-200To400_TuneCUETP8M1_13TeV-madgraphMLM-pythia8/RunIISpring16MiniAODv2-PUSpring16_80X_mcRun2_asymptotic_2016_miniAODv2_v0_ext1-v1/MINIAODSIM",19851624,1,359.7,0.0181194244,/WJetsToLNu_HT-200To400_TuneCUETP8M1_13TeV-madgraphMLM-pythia8/koschwei-BoostedMiniAODICHEPv1-b33028ddd301e05587dac614603b7978/USER,80X_mcRun2_asymptotic_2016_miniAODv2_v0,mc,MG_aMCatNLO MLM,none,isreHLT
,,,,,,,,,,,
WJets-HT-400-600,/WJetsToLNu_HT-400To600_TuneCUETP8M1_13TeV-madgraphMLM-pythia8/RunIISpring16MiniAODv1-PUSpring16_80X_mcRun2_asymptotic_2016_v3-v2/MINIAODSIM,1963464,1,48.91,0.0249100569,,80X_mcRun2_asymptotic_2016_v3,mc,MG_aMCatNLO MLM,none,isreHLT
WJets-HT-400-600,/WJetsToLNu_HT-400To600_TuneCUETP8M1_13TeV-madgraphMLM-pythia8/RunIISpring16MiniAODv1-PUSpring16_80X_mcRun2_asymptotic_2016_v3_ext1-v1/MINIAODSIM,5353303,1,48.91,0.0091364154,,80X_mcRun2_asymptotic_2016_v3,mc,MG_aMCatNLO MLM,none,isreHLT
WJets-HT-400-600,"/WJetsToLNu_HT-400To600_TuneCUETP8M1_13TeV-madgraphMLM-pythia8/RunIISpring16MiniAODv2-PUSpring16_80X_mcRun2_asymptotic_2016_miniAODv2_v0-v1/MINIAODSIM,/WJetsToLNu_HT-400To600_TuneCUETP8M1_13TeV-madgraphMLM-pythia8/RunIISpring16MiniAODv2-PUSpring16_80X_mcRun2_asymptotic_2016_miniAODv2_v0_ext1-v1/MINIAODSIM",7432746,1,48.91,0.0065803406,/WJetsToLNu_HT-400To600_TuneCUETP8M1_13TeV-madgraphMLM-pythia8/koschwei-BoostedMiniAODICHEPv1-b33028ddd301e05587dac614603b7978/USER,80X_mcRun2_asymptotic_2016_miniAODv2_v0,mc,MG_aMCatNLO MLM,none,isreHLT
,,,,,,,,,,,
WJets-HT-600-800,/WJetsToLNu_HT-600To800_TuneCUETP8M1_13TeV-madgraphMLM-pythia8/RunIISpring16MiniAODv1-PUSpring16_80X_mcRun2_asymptotic_2016_v3-v2/MINIAODSIM,3723054,1,12.05,0.0032365902,,80X_mcRun2_asymptotic_2016_v3,mc,MG_aMCatNLO MLM,none,isreHLT
WJets-HT-600-800,"/WJetsToLNu_HT-600To800_TuneCUETP8M1_13TeV-madgraphMLM-pythia8/RunIISpring16MiniAODv2-PUSpring16_80X_mcRun2_asymptotic_2016_miniAODv2_v0-v1/MINIAODSIM,/WJetsToLNu_HT-600To800_TuneCUETP8M1_13TeV-madgraphMLM-pythia8/RunIISpring16MiniAODv2-PUSpring16_80X_mcRun2_asymptotic_2016_miniAODv2_v0_ext1-v1/MINIAODSIM",18133257,1,12.05,0.0006645249,/WJetsToLNu_HT-600To800_TuneCUETP8M1_13TeV-madgraphMLM-pythia8/koschwei-BoostedMiniAODICHEPv1-b33028ddd301e05587dac614603b7978/USER,80X_mcRun2_asymptotic_2016_miniAODv2_v0,mc,MG_aMCatNLO MLM,none,isreHLT
,,,,,,,,,,,
WJets-HT-800-1200,/WJetsToLNu_HT-800To1200_TuneCUETP8M1_13TeV-madgraphMLM-pythia8/RunIISpring16MiniAODv2-PUSpring16_80X_mcRun2_asymptotic_2016_miniAODv2_v0-v2/MINIAODSIM,1540477,1,5.501,0.0035709718,,80X_mcRun2_asymptotic_2016_miniAODv2_v0,mc,MG_aMCatNLO MLM,none,isreHLT
WJets-HT-800-1200,/WJetsToLNu_HT-800To1200_TuneCUETP8M1_13TeV-madgraphMLM-pythia8/RunIISpring16MiniAODv2-PUSpring16_80X_mcRun2_asymptotic_2016_miniAODv2_v0_ext1-v1/MINIAODSIM,6314257,1,5.501,0.0008712031,/WJetsToLNu_HT-800To1200_TuneCUETP8M1_13TeV-madgraphMLM-pythia8/koschwei-BoostedMiniAODICHEPv1-b33028ddd301e05587dac614603b7978/USER,80X_mcRun2_asymptotic_2016_miniAODv2_v0,mc,MG_aMCatNLO MLM,none,isreHLT
WJets-HT-800-1200,"/WJetsToLNu_HT-800To1200_TuneCUETP8M1_13TeV-madgraphMLM-pythia8/RunIISpring16MiniAODv1-PUSpring16_80X_mcRun2_asymptotic_2016_v3-v1/MINIAODSIM,/WJetsToLNu_HT-800To1200_TuneCUETP8M1_13TeV-madgraphMLM-pythia8/RunIISpring16MiniAODv1-PUSpring16_80X_mcRun2_asymptotic_2016_v3_ext1-v1/MINIAODSIM",7480017,1,5.501,0.0007354261,,80X_mcRun2_asymptotic_2016_v3,mc,MG_aMCatNLO MLM,none,isreHLT
,,,,,,,,,,,
WJets-HT-1200-2500,/WJetsToLNu_HT-1200To2500_TuneCUETP8M1_13TeV-madgraphMLM-pythia8/RunIISpring16MiniAODv1-PUSpring16_80X_mcRun2_asymptotic_2016_v3-v2/MINIAODSIM,246737,1,1.329,0.005386302,,80X_mcRun2_asymptotic_2016_v3,mc,MG_aMCatNLO MLM,none,isreHLT
WJets-HT-1200-2500,/WJetsToLNu_HT-1200To2500_TuneCUETP8M1_13TeV-madgraphMLM-pythia8/RunIISpring16MiniAODv1-PUSpring16_80X_mcRun2_asymptotic_2016_v3_ext1-v1/MINIAODSIM,6796187,1,1.329,0.0001955508,,80X_mcRun2_asymptotic_2016_v3,mc,MG_aMCatNLO MLM,none,isreHLT
WJets-HT-1200-2500,"/WJetsToLNu_HT-1200To2500_TuneCUETP8M1_13TeV-madgraphMLM-pythia8/RunIISpring16MiniAODv2-PUSpring16_80X_mcRun2_asymptotic_2016_miniAODv2_v0-v1/MINIAODSIM,/WJetsToLNu_HT-1200To2500_TuneCUETP8M1_13TeV-madgraphMLM-pythia8/RunIISpring16MiniAODv2-PUSpring16_80X_mcRun2_asymptotic_2016_miniAODv2_v0_ext1-v1/MINIAODSIM",7063909,1,1.329,0.0001881395,/WJetsToLNu_HT-1200To2500_TuneCUETP8M1_13TeV-madgraphMLM-pythia8/koschwei-BoostedMiniAODICHEPv1-b33028ddd301e05587dac614603b7978/USER,80X_mcRun2_asymptotic_2016_miniAODv2_v0,mc,MG_aMCatNLO MLM,none,isreHLT
,,,,,,,,,,,
WJets-HT-2500-Inf,"/WJetsToLNu_HT-2500ToInf_TuneCUETP8M1_13TeV-madgraphMLM-pythia8/RunIISpring16MiniAODv2-PUSpring16_80X_mcRun2_asymptotic_2016_miniAODv2_v0-v1/MINIAODSIM,/WJetsToLNu_HT-2500ToInf_TuneCUETP8M1_13TeV-madgraphMLM-pythia8/RunIISpring16MiniAODv2-PUSpring16_80X_mcRun2_asymptotic_2016_miniAODv2_v0_ext1-v1/MINIAODSIM",2507809,1,0.03216,1.28239431312E-005,/WJetsToLNu_HT-2500ToInf_TuneCUETP8M1_13TeV-madgraphMLM-pythia8/koschwei-BoostedMiniAODICHEPv1-b33028ddd301e05587dac614603b7978/USER,80X_mcRun2_asymptotic_2016_miniAODv2_v0,mc,MG_aMCatNLO MLM,none,isreHLT
WJets-HT-2500-Inf,"/WJetsToLNu_HT-2500ToInf_TuneCUETP8M1_13TeV-madgraphMLM-pythia8/RunIISpring16MiniAODv1-PUSpring16_80X_mcRun2_asymptotic_2016_v3-v1/MINIAODSIM,/WJetsToLNu_HT-2500ToInf_TuneCUETP8M1_13TeV-madgraphMLM-pythia8/RunIISpring16MiniAODv1-PUSpring16_80X_mcRun2_asymptotic_2016_v3_ext1-v1/MINIAODSIM",2490964,1,0.03216,1.29106643051E-005,,80X_mcRun2_asymptotic_2016_v3,mc,MG_aMCatNLO MLM,none,isreHLT
,,,,,,,,,,,
WW,/WWG_TuneCUETP8M1_13TeV-amcatnlo-pythia8/RunIISpring16MiniAODv1-PUSpring16_80X_mcRun2_asymptotic_2016_v3_ext1-v1/MINIAODSIM,999400,0,118.7,0,,80X_mcRun2_asymptotic_2016_v3,mc,MadGraph,none,isreHLT
WW,/WWG_TuneCUETP8M1_13TeV-amcatnlo-pythia8/RunIISpring16MiniAODv2-PUSpring16_80X_mcRun2_asymptotic_2016_miniAODv2_v0_ext1-v3/MINIAODSIM,999400,0,118.7,0,,80X_mcRun2_asymptotic_2016_miniAODv2_v0,mc,MadGraph,none,isreHLT
WW,/WWTo1L1Nu2Q_13TeV_amcatnloFXFX_madspin_pythia8/RunIISpring16MiniAODv1-PUSpring16_80X_mcRun2_asymptotic_2016_v3-v1/MINIAODSIM,4508868,0.6219447478,118.7,0.0423283552,,80X_mcRun2_asymptotic_2016_v3,mc,Madgraph5_aMC@NLO,none,isreHLT
WW,/WWTo1L1Nu2Q_13TeV_amcatnloFXFX_madspin_pythia8/RunIISpring16MiniAODv2-PUSpring16_80X_mcRun2_asymptotic_2016_miniAODv2_v0-v1/MINIAODSIM,5235265,0.6221235505,118.7,0.0364447862,,80X_mcRun2_asymptotic_2016_miniAODv2_v0,mc,Madgraph5_aMC@NLO,none,isreHLT
WW,/WWTo2L2Nu_13TeV-powheg-CUETP8M1Down/RunIISpring16MiniAODv1-PUSpring16_80X_mcRun2_asymptotic_2016_v3-v1/MINIAODSIM,1980000,1,118.7,0.0599494949,,80X_mcRun2_asymptotic_2016_v3,mc,powhegv2,none,isreHLT
WW,/WWTo2L2Nu_13TeV-powheg-CUETP8M1Down/RunIISpring16MiniAODv2-PUSpring16_80X_mcRun2_asymptotic_2016_miniAODv2_v0-v1/MINIAODSIM,1988000,1,118.7,0.0597082495,,80X_mcRun2_asymptotic_2016_miniAODv2_v0,mc,powhegv2,none,isreHLT
WW,/WWTo2L2Nu_13TeV-powheg-CUETP8M1Up/RunIISpring16MiniAODv1-PUSpring16_80X_mcRun2_asymptotic_2016_v3-v4/MINIAODSIM,1982400,1,118.7,0.0598769169,,80X_mcRun2_asymptotic_2016_v3,mc,powhegv2,none,isreHLT
WW,/WWTo2L2Nu_13TeV-powheg-CUETP8M1Up/RunIISpring16MiniAODv2-PUSpring16_80X_mcRun2_asymptotic_2016_miniAODv2_v0-v1/MINIAODSIM,1982400,1,118.7,0.0598769169,,80X_mcRun2_asymptotic_2016_miniAODv2_v0,mc,powhegv2,none,isreHLT
WW,/WWTo2L2Nu_13TeV-powheg-herwigpp/RunIISpring16MiniAODv1-PUSpring16_80X_mcRun2_asymptotic_2016_v3-v1/MINIAODSIM,1993378,1,118.7,0.0595471606,,80X_mcRun2_asymptotic_2016_v3,mc,powhegv2,none,isreHLT
WW,/WWTo2L2Nu_13TeV-powheg-herwigpp/RunIISpring16MiniAODv2-PUSpring16_80X_mcRun2_asymptotic_2016_miniAODv2_v0-v1/MINIAODSIM,1993378,1,118.7,0.0595471606,,80X_mcRun2_asymptotic_2016_miniAODv2_v0,mc,powhegv2,none,isreHLT
WW,/WWTo2L2Nu_13TeV-powheg/RunIISpring16MiniAODv2-PUSpring16_80X_mcRun2_asymptotic_2016_miniAODv2_v0-v1/MINIAODSIM,1996600,1,118.7,0.0594510668,,80X_mcRun2_asymptotic_2016_miniAODv2_v0,mc,powhegv2,none,isreHLT
WW,/WWTo2L2Nu_Mll_1200To2500_13TeV-powheg/RunIISpring16MiniAODv1-PUSpring16_80X_mcRun2_asymptotic_2016_v3-v2/MINIAODSIM,200000,1,118.7,0.5935,,80X_mcRun2_asymptotic_2016_v3,mc,Powheg,none,isreHLT
WW,/WWTo2L2Nu_Mll_1200To2500_13TeV-powheg/RunIISpring16MiniAODv2-PUSpring16_80X_mcRun2_asymptotic_2016_miniAODv2_v0-v1/MINIAODSIM,200000,1,118.7,0.5935,,80X_mcRun2_asymptotic_2016_miniAODv2_v0,mc,Powheg,none,isreHLT
WW,/WWTo2L2Nu_Mll_200To600_13TeV-powheg/RunIISpring16MiniAODv1-PUSpring16_80X_mcRun2_asymptotic_2016_v3-v1/MINIAODSIM,200000,1,118.7,0.5935,,80X_mcRun2_asymptotic_2016_v3,mc,Powheg,none,isreHLT
WW,/WWTo2L2Nu_Mll_200To600_13TeV-powheg/RunIISpring16MiniAODv2-PUSpring16_80X_mcRun2_asymptotic_2016_miniAODv2_v0-v1/MINIAODSIM,200000,1,118.7,0.5935,,80X_mcRun2_asymptotic_2016_miniAODv2_v0,mc,Powheg,none,isreHLT
WW,/WWTo2L2Nu_Mll_2500ToInf_13TeV-powheg/RunIISpring16MiniAODv1-PUSpring16_80X_mcRun2_asymptotic_2016_v3-v4/MINIAODSIM,38969,1,118.7,3.0460109318,,80X_mcRun2_asymptotic_2016_v3,mc,Powheg,none,isreHLT
WW,/WWTo2L2Nu_Mll_2500ToInf_13TeV-powheg/RunIISpring16MiniAODv2-PUSpring16_80X_mcRun2_asymptotic_2016_miniAODv2_v0-v1/MINIAODSIM,38969,1,118.7,3.0460109318,,80X_mcRun2_asymptotic_2016_miniAODv2_v0,mc,Powheg,none,isreHLT
WW,/WWTo2L2Nu_Mll_600To1200_13TeV-powheg/RunIISpring16MiniAODv1-PUSpring16_80X_mcRun2_asymptotic_2016_v3-v1/MINIAODSIM,200000,1,118.7,0.5935,,80X_mcRun2_asymptotic_2016_v3,mc,Powheg,none,isreHLT
WW,/WWTo2L2Nu_Mll_600To1200_13TeV-powheg/RunIISpring16MiniAODv2-PUSpring16_80X_mcRun2_asymptotic_2016_miniAODv2_v0-v1/MINIAODSIM,200000,1,118.7,0.5935,,80X_mcRun2_asymptotic_2016_miniAODv2_v0,mc,Powheg,none,isreHLT
WW,/WWTo4Q_13TeV-powheg/RunIISpring16MiniAODv2-PUSpring16_80X_mcRun2_asymptotic_2016_miniAODv2_v0-v1/MINIAODSIM,1992000,1,118.7,0.0595883534,,80X_mcRun2_asymptotic_2016_miniAODv2_v0,mc,powhegv2,none,isreHLT
WW,/WWTo4Q_4f_13TeV_amcatnloFXFX_madspin_pythia8/RunIISpring16MiniAODv1-PUSpring16_80X_mcRun2_asymptotic_2016_v3-v2/MINIAODSIM,30363025,0.6318685767,118.7,0.006186983,,80X_mcRun2_asymptotic_2016_v3,mc,Madgraph5_aMC@NLO,none,isreHLT
WW,/WWTo4Q_4f_13TeV_amcatnloFXFX_madspin_pythia8/RunIISpring16MiniAODv2-PUSpring16_80X_mcRun2_asymptotic_2016_miniAODv2_v0-v1/MINIAODSIM,30358103,0,118.7,0,,80X_mcRun2_asymptotic_2016_miniAODv2_v0,mc,Madgraph5_aMC@NLO,none,isreHLT
WW,/WWToLNuQQ_aTGC_13TeV-madgraph-pythia8/RunIISpring16MiniAODv2-PUSpring16_80X_mcRun2_asymptotic_2016_miniAODv2_v0-v1/MINIAODSIM,1991600,1,118.7,0.0596003213,,80X_mcRun2_asymptotic_2016_miniAODv2_v0,mc,madgraph,none,isreHLT
WW,/WWW_4F_TuneCUETP8M1_13TeV-amcatnlo-pythia8/RunIISpring16MiniAODv1-PUSpring16_80X_mcRun2_asymptotic_2016_v3-v1/MINIAODSIM,240000,0,118.7,0,,80X_mcRun2_asymptotic_2016_v3,mc,aMCatNLO,none,isreHLT
WW,/WWW_4F_TuneCUETP8M1_13TeV-amcatnlo-pythia8/RunIISpring16MiniAODv2-PUSpring16_80X_mcRun2_asymptotic_2016_miniAODv2_v0-v1/MINIAODSIM,240000,0,118.7,0,,80X_mcRun2_asymptotic_2016_miniAODv2_v0,mc,aMCatNLO,none,isreHLT
WW,/WWZ_TuneCUETP8M1_13TeV-amcatnlo-pythia8/RunIISpring16MiniAODv1-PUSpring16_80X_mcRun2_asymptotic_2016_v3-v1/MINIAODSIM,249200,0,118.7,0,,80X_mcRun2_asymptotic_2016_v3,mc,aMCatNLO,none,isreHLT
WW,/WWZ_TuneCUETP8M1_13TeV-amcatnlo-pythia8/RunIISpring16MiniAODv2-PUSpring16_80X_mcRun2_asymptotic_2016_miniAODv2_v0-v1/MINIAODSIM,249200,0.8859630819,118.7,0.5376344086,,80X_mcRun2_asymptotic_2016_miniAODv2_v0,mc,aMCatNLO,none,isreHLT
WW,/WW_DoubleScattering_13TeV-pythia8/RunIISpring16MiniAODv1-PUSpring16_80X_mcRun2_asymptotic_2016_v3-v1/MINIAODSIM,844954,1,118.7,0.1404810203,,80X_mcRun2_asymptotic_2016_v3,mc,Pythia 8,none,isreHLT
WW,/WW_DoubleScattering_13TeV-pythia8/RunIISpring16MiniAODv2-PUSpring16_80X_mcRun2_asymptotic_2016_miniAODv2_v0-v1/MINIAODSIM,844954,1,118.7,0.1404810203,,80X_mcRun2_asymptotic_2016_miniAODv2_v0,mc,Pythia 8,none,isreHLT
WW,/WW_TuneCUETP8M1_13TeV-pythia8/RunIISpring16MiniAODv1-PUSpring16_80X_mcRun2_asymptotic_2016_v3-v1/MINIAODSIM,993214,1,118.7,0.1195110017,,80X_mcRun2_asymptotic_2016_v3,mc,pythia8,none,isreHLT
WW,/WW_TuneCUETP8M1_13TeV-pythia8/RunIISpring16MiniAODv2-PUSpring16_80X_mcRun2_asymptotic_2016_miniAODv2_v0-v1/MINIAODSIM,993214,1,118.7,0.1195110017,,80X_mcRun2_asymptotic_2016_miniAODv2_v0,mc,pythia8,none,isreHLT
WW,/WWTo2L2Nu_13TeV-powheg/RunIISpring16MiniAODv1-PUSpring16_80X_mcRun2_asymptotic_2016_v3-v1/MINIAODSIM,1986200,1,118.7,0.0597623603,,80X_mcRun2_asymptotic_2016_v3,mc,powhegv2,none,isreHLT
WW,/WWTo4Q_13TeV-powheg/RunIISpring16MiniAODv1-PUSpring16_80X_mcRun2_asymptotic_2016_v3-v1/MINIAODSIM,2000000,1,118.7,0.05935,,80X_mcRun2_asymptotic_2016_v3,mc,powhegv2,none,isreHLT
WW,"/WWToLNuQQ_13TeV-powheg/RunIISpring16MiniAODv1-PUSpring16_80X_mcRun2_asymptotic_2016_v3_ext1-v1/MINIAODSIM,/WWToLNuQQ_13TeV-powheg/RunIISpring16MiniAODv1-PUSpring16_80X_mcRun2_asymptotic_2016_v3-v1/MINIAODSIM",8461000,1,118.7,0.0140290746,,80X_mcRun2_asymptotic_2016_v3,mc,powhegv2,none,isreHLT
WW,"/WWToLNuQQ_13TeV-powheg/RunIISpring16MiniAODv2-PUSpring16_80X_mcRun2_asymptotic_2016_miniAODv2_v0-v1/MINIAODSIM,/WWToLNuQQ_13TeV-powheg/RunIISpring16MiniAODv2-PUSpring16_80X_mcRun2_asymptotic_2016_miniAODv2_v0_ext1-v1/MINIAODSIM",8950200,1,118.7,0.0132622735,,80X_mcRun2_asymptotic_2016_miniAODv2_v0,mc,powhegv2,none,isreHLT
,,,,,,,,,,,
WZ,/WZJToLLLNu_TuneCUETP8M1_13TeV-amcnlo-pythia8/RunIISpring16MiniAODv2-PUSpring16RAWAODSIM_reHLT_80X_mcRun2_asymptotic_v14-v1/MINIAODSIM,1960761,0.6199982668,44.9,0.0369344134,,80X_mcRun2_asymptotic_v14,mc,MadGraph_aMC@NLO,none,isreHLT
WZ,/WZTo1L1Nu2Q_13TeV_amcatnloFXFX_madspin_pythia8/RunIISpring16MiniAODv1-PUSpring16_80X_mcRun2_asymptotic_2016_v3-v1/MINIAODSIM,19309898,0.580792515,44.9,0.0040035509,,80X_mcRun2_asymptotic_2016_v3,mc,Madgraph5_aMC@NLO,none,isreHLT
WZ,/WZTo1L1Nu2Q_13TeV_amcatnloFXFX_madspin_pythia8/RunIISpring16MiniAODv2-PUSpring16_80X_mcRun2_asymptotic_2016_miniAODv2_v0-v1/MINIAODSIM,19500618,0,44.9,0,,80X_mcRun2_asymptotic_2016_miniAODv2_v0,mc,Madgraph5_aMC@NLO,none,isreHLT
WZ,/WZTo1L3Nu_13TeV_amcatnloFXFX_madspin_pythia8/RunIISpring16MiniAODv1-PUSpring16_80X_mcRun2_asymptotic_2016_v3-v1/MINIAODSIM,1654964,0.5552566872,44.9,0.0488611846,,80X_mcRun2_asymptotic_2016_v3,mc,Madgraph5_aMC@NLO,none,isreHLT
WZ,/WZTo1L3Nu_13TeV_amcatnloFXFX_madspin_pythia8/RunIISpring16MiniAODv2-PUSpring16_80X_mcRun2_asymptotic_2016_miniAODv2_v0-v1/MINIAODSIM,1654964,0.5528614823,44.9,0.0490728698,,80X_mcRun2_asymptotic_2016_miniAODv2_v0,mc,Madgraph5_aMC@NLO,none,isreHLT
WZ,/WZTo2L2Q_13TeV_amcatnloFXFX_madspin_pythia8/RunIISpring16MiniAODv1-PUSpring16_80X_mcRun2_asymptotic_2016_v3-v1/MINIAODSIM,25654593,0.600414815,44.9,0.0029149413,,80X_mcRun2_asymptotic_2016_v3,mc,Madgraph5_aMC@NLO,none,isreHLT
WZ,/WZTo2L2Q_13TeV_amcatnloFXFX_madspin_pythia8/RunIISpring16MiniAODv2-PUSpring16_80X_mcRun2_asymptotic_2016_miniAODv2_v0-v1/MINIAODSIM,25996157,0.5996290234,44.9,0.0028804116,,80X_mcRun2_asymptotic_2016_miniAODv2_v0,mc,Madgraph5_aMC@NLO,none,isreHLT
WZ,/WZTo3LNu_TuneCUETP8M1_13TeV-amcatnloFXFX-pythia8/RunIISpring16MiniAODv2-PUSpring16_80X_mcRun2_asymptotic_2016_miniAODv2_v0-v1/MINIAODSIM,11753553,0,44.9,0,,80X_mcRun2_asymptotic_2016_miniAODv2_v0,mc,Madgraph5_aMC@NLO,none,isreHLT
WZ,/WZTo3LNu_TuneCUETP8M1_13TeV-powheg-pythia8/RunIISpring16MiniAODv1-PUSpring16_80X_mcRun2_asymptotic_2016_v3-v1/MINIAODSIM,2000000,1,44.9,0.02245,,80X_mcRun2_asymptotic_2016_v3,mc,Powheg V2,none,isreHLT
WZ,/WZTo3LNu_TuneCUETP8M1_13TeV-powheg-pythia8/RunIISpring16MiniAODv2-PUSpring16_80X_mcRun2_asymptotic_2016_miniAODv2_v0-v1/MINIAODSIM,2000000,1,44.9,0.02245,,80X_mcRun2_asymptotic_2016_miniAODv2_v0,mc,Powheg V2,none,isreHLT
WZ,/WZTo3LNu_mllmin01_13TeV-powheg-pythia8/RunIISpring16MiniAODv2-PUSpring16_80X_mcRun2_asymptotic_2016_miniAODv2_v0-v1/MINIAODSIM,989340,1,44.9,0.0453837912,,80X_mcRun2_asymptotic_2016_miniAODv2_v0,mc,Powheg V2,none,isreHLT
WZ,/WZToLNu2QorQQ2L_aTGC_13TeV-madgraph-pythia8/RunIISpring16MiniAODv2-PUSpring16_80X_mcRun2_asymptotic_2016_miniAODv2_v0-v1/MINIAODSIM,1999600,1,44.9,0.0224544909,,80X_mcRun2_asymptotic_2016_miniAODv2_v0,mc,madgraph,none,isreHLT
WZ,/WZZ_TuneCUETP8M1_13TeV-amcatnlo-pythia8/RunIISpring16MiniAODv1-PUSpring16_80X_mcRun2_asymptotic_2016_v3-v1/MINIAODSIM,249800,0.8766453163,44.9,0.2050359384,,80X_mcRun2_asymptotic_2016_v3,mc,aMCatNLO,none,isreHLT
WZ,/WZZ_TuneCUETP8M1_13TeV-amcatnlo-pythia8/RunIISpring16MiniAODv2-PUSpring16_80X_mcRun2_asymptotic_2016_miniAODv2_v0-v1/MINIAODSIM,249800,0,44.9,0,,80X_mcRun2_asymptotic_2016_miniAODv2_v0,mc,aMCatNLO,none,isreHLT
WZ,/WZ_TuneCUETP8M1_13TeV-pythia8/RunIISpring16MiniAODv1-PUSpring16_80X_mcRun2_asymptotic_2016_v3-v1/MINIAODSIM,1000000,1,44.9,0.0449,,80X_mcRun2_asymptotic_2016_v3,mc,pythia8,none,isreHLT
WZ,/WZ_TuneCUETP8M1_13TeV-pythia8/RunIISpring16MiniAODv2-PUSpring16_80X_mcRun2_asymptotic_2016_miniAODv2_v0-v1/MINIAODSIM,1000000,1,44.9,0.0449,,80X_mcRun2_asymptotic_2016_miniAODv2_v0,mc,pythia8,none,isreHLT
,,,,,,,,,,,
ZZ,/ZZTo2L2Nu_13TeV_powheg_pythia8/RunIISpring16MiniAODv1-PUSpring16_80X_mcRun2_asymptotic_2016_v3-v1/MINIAODSIM,8968000,1,15.4,0.0017172168,,80X_mcRun2_asymptotic_2016_v3,mc,powheg ZZ,none,isreHLT
ZZ,/ZZTo2L2Nu_13TeV_powheg_pythia8/RunIISpring16MiniAODv2-PUSpring16_80X_mcRun2_asymptotic_2016_miniAODv2_v0-v1/MINIAODSIM,8968000,1,15.4,0.0017172168,,80X_mcRun2_asymptotic_2016_miniAODv2_v0,mc,powheg ZZ,none,isreHLT
ZZ,/ZZTo2L2Q_13TeV_amcatnloFXFX_madspin_pythia8/RunIISpring16MiniAODv1-PUSpring16_80X_mcRun2_asymptotic_2016_v3-v1/MINIAODSIM,15492017,0,15.4,0,,80X_mcRun2_asymptotic_2016_v3,mc,Madgraph5_aMC@NLO,none,isreHLT
ZZ,/ZZTo2L2Q_13TeV_amcatnloFXFX_madspin_pythia8/RunIISpring16MiniAODv2-PUSpring16_80X_mcRun2_asymptotic_2016_miniAODv2_v0-v1/MINIAODSIM,15498581,0.6339677892,15.4,0.0015673341,,80X_mcRun2_asymptotic_2016_miniAODv2_v0,mc,Madgraph5_aMC@NLO,none,isreHLT
ZZ,/ZZTo2Q2Nu_13TeV_amcatnloFXFX_madspin_pythia8/RunIISpring16MiniAODv1-PUSpring16_80X_mcRun2_asymptotic_2016_v3-v1/MINIAODSIM,30755844,0,15.4,0,,80X_mcRun2_asymptotic_2016_v3,mc,Madgraph5_aMC@NLO,none,isreHLT
ZZ,/ZZTo2Q2Nu_13TeV_amcatnloFXFX_madspin_pythia8/RunIISpring16MiniAODv2-PUSpring16_80X_mcRun2_asymptotic_2016_miniAODv2_v0-v1/MINIAODSIM,30867956,0,15.4,0,,80X_mcRun2_asymptotic_2016_miniAODv2_v0,mc,Madgraph5_aMC@NLO,none,isreHLT
ZZ,/ZZTo4L_13TeV-amcatnloFXFX-pythia8/RunIISpring16MiniAODv2-PUSpring16RAWAODSIM_reHLT_80X_mcRun2_asymptotic_v14-v1/MINIAODSIM,10348531,0,15.4,0,,look at me again,mc,amcatnlo,none,isreHLT
ZZ,/ZZTo4L_13TeV_powheg_pythia8/RunIISpring16MiniAODv1-PUSpring16_80X_mcRun2_asymptotic_2016_v3-v1/MINIAODSIM,6617344,1,15.4,0.0023272177,,80X_mcRun2_asymptotic_2016_v3,mc,powheg ZZ,none,isreHLT
ZZ,/ZZTo4L_13TeV_powheg_pythia8/RunIISpring16MiniAODv2-PUSpring16_80X_mcRun2_asymptotic_2016_miniAODv2_v0-v1/MINIAODSIM,6638328,1,15.4,0.0023198613,,80X_mcRun2_asymptotic_2016_miniAODv2_v0,mc,powheg ZZ,none,isreHLT
ZZ,/ZZTo4Q_13TeV_amcatnloFXFX_madspin_pythia8/RunIISpring16MiniAODv1-PUSpring16_80X_mcRun2_asymptotic_2016_v3-v1/MINIAODSIM,30725298,0,15.4,0,,80X_mcRun2_asymptotic_2016_v3,mc,Madgraph5_aMC@NLO,none,isreHLT
ZZ,/ZZTo4Q_13TeV_amcatnloFXFX_madspin_pythia8/RunIISpring16MiniAODv2-PUSpring16_80X_mcRun2_asymptotic_2016_miniAODv2_v0-v1/MINIAODSIM,29948451,0.6170730409,15.4,0.0008333161,,80X_mcRun2_asymptotic_2016_miniAODv2_v0,mc,Madgraph5_aMC@NLO,none,isreHLT
ZZ,/ZZZ_TuneCUETP8M1_13TeV-amcatnlo-pythia8/RunIISpring16MiniAODv1-PUSpring16_80X_mcRun2_asymptotic_2016_v3-v1/MINIAODSIM,250000,0.8582432432,15.4,0.0717745237,,look at me again,mc,aMCatNLO,none,isreHLT
ZZ,/ZZZ_TuneCUETP8M1_13TeV-amcatnlo-pythia8/RunIISpring16MiniAODv2-PUSpring16_80X_mcRun2_asymptotic_2016_miniAODv2_v0-v1/MINIAODSIM,250000,0.8554,15.4,0.0720130933,,80X_mcRun2_asymptotic_2016_miniAODv2_v0,mc,aMCatNLO,none,isreHLT
ZZ,/ZZ_TuneCUETP8M1_13TeV-pythia8/RunIISpring16MiniAODv1-PUSpring16_80X_mcRun2_asymptotic_2016_v3-v2/MINIAODSIM,989312,1,15.4,0.0155663734,,80X_mcRun2_asymptotic_2016_v3,mc,pythia8,none,isreHLT
ZZ,/ZZ_TuneCUETP8M1_13TeV-pythia8/RunIISpring16MiniAODv2-PUSpring16_80X_mcRun2_asymptotic_2016_miniAODv2_v0-v1/MINIAODSIM,989312,1,15.4,0.0155663734,,80X_mcRun2_asymptotic_2016_miniAODv2_v0,mc,pythia8,none,isreHLT
