name,dataset,nGen,Npos-Nneg/Ntotal,XS,weight,boosted_dataset,globalTag,IsData,generator,additionalSelection
,,,,,,,,,,
,,,,,,,,,,
st_schan_amc_pythia_CUETP8M1,/ST_s-channel_4f_leptonDecays_13TeV-amcatnlo-pythia8_TuneCUETP8M1/RunIISummer16MiniAODv2-PUMoriond17_80X_mcRun2_asymptotic_2016_TrancheIV_v6-v1/MINIAODSIM,1000000,0.625764705882,3.7,0.00591276555744,/ST_s-channel_4f_leptonDecays_13TeV-amcatnlo-pythia8_TuneCUETP8M1/mwassmer-Skim-V1_3j20_1l20-a9e761f18a2602500895f5e48b093b84/USER,80X_mcRun2_asymptotic_2016_TrancheIV_v8,FALSE,aMC,NONE
,,,,,,,,,,
st_tchan_powheg_herwig,/ST_t-channel_top_4f_inclusiveDecays_13TeV-powhegV2-madspin-herwigpp/RunIISummer16MiniAODv2-PUMoriond17_80X_mcRun2_asymptotic_2016_TrancheIV_v6-v1/MINIAODSIM,5887322,1,136.02,0.0231038832257,/ST_t-channel_top_4f_inclusiveDecays_13TeV-powhegV2-madspin-herwigpp/mwassmer-Skim-V1_3j20_1l20-a9e761f18a2602500895f5e48b093b84/USER,80X_mcRun2_asymptotic_2016_TrancheIV_v8,FALSE,POWHEG,NONE
st_tchan_powheg_pythia_CUETP8M1,/ST_t-channel_top_4f_inclusiveDecays_13TeV-powhegV2-madspin-pythia8_TuneCUETP8M1/RunIISummer16MiniAODv2-PUMoriond17_80X_mcRun2_asymptotic_2016_TrancheIV_v6-v1/MINIAODSIM,67240808,1,136.02,0.00202287872567,/ST_t-channel_top_4f_inclusiveDecays_13TeV-powhegV2-madspin-pythia8_TuneCUETP8M1/mwassmer-Skim-V1_3j20_1l20-a9e761f18a2602500895f5e48b093b84/USER,80X_mcRun2_asymptotic_2016_TrancheIV_v8,FALSE,POWHEG,NONE
st_tchan_powheg_pythia_CUETP8M2T4,/ST_t-channel_top_4f_inclusiveDecays_TuneCUETP8M2T4_13TeV-powhegV2-madspin/RunIISummer16MiniAODv2-PUMoriond17_80X_mcRun2_asymptotic_2016_TrancheIV_v6-v1/MINIAODSIM,5993676,1,136.02,0.022693919391,/ST_t-channel_top_4f_inclusiveDecays_TuneCUETP8M2T4_13TeV-powhegV2-madspin/mwassmer-Skim-V1_3j20_1l20-a9e761f18a2602500895f5e48b093b84/USER,80X_mcRun2_asymptotic_2016_TrancheIV_v8,FALSE,POWHEG,NONE
,,,,,,,,,,
stbar_tchan_powheg_herwig,/ST_t-channel_antitop_4f_inclusiveDecays_13TeV-powhegV2-madspin-herwigpp/RunIISummer16MiniAODv2-PUMoriond17_80X_mcRun2_asymptotic_2016_TrancheIV_v6-v1/MINIAODSIM,3990259,1,80.95,0.0202869036822,/ST_t-channel_antitop_4f_inclusiveDecays_13TeV-powhegV2-madspin-herwigpp/mwassmer-Skim-V1_3j20_1l20-a9e761f18a2602500895f5e48b093b84/USER,80X_mcRun2_asymptotic_2016_TrancheIV_v8,FALSE,POWHEG,NONE
stbar_tchan_powheg_pythia_CUETP8M1,/ST_t-channel_antitop_4f_inclusiveDecays_13TeV-powhegV2-madspin-pythia8_TuneCUETP8M1/RunIISummer16MiniAODv2-PUMoriond17_80X_mcRun2_asymptotic_2016_TrancheIV_v6-v1/MINIAODSIM,38811017,1,80.95,0.00208574797203,/ST_t-channel_antitop_4f_inclusiveDecays_13TeV-powhegV2-madspin-pythia8_TuneCUETP8M1/mwassmer-Skim-V1_3j20_1l20-a9e761f18a2602500895f5e48b093b84/USER,80X_mcRun2_asymptotic_2016_TrancheIV_v8,FALSE,POWHEG,NONE
stbar_tchan_powheg_pythia_CUETP8M2T4,/ST_t-channel_antitop_4f_inclusiveDecays_TuneCUETP8M2T4_13TeV-powhegV2-madspin/RunIISummer16MiniAODv2-PUMoriond17_80X_mcRun2_asymptotic_2016_TrancheIV_v6-v1/MINIAODSIM,3928063,1,80.95,0.0206081216111,/ST_t-channel_antitop_4f_inclusiveDecays_TuneCUETP8M2T4_13TeV-powhegV2-madspin/mwassmer-Skim-V1_3j20_1l20-a9e761f18a2602500895f5e48b093b84/USER,80X_mcRun2_asymptotic_2016_TrancheIV_v8,FALSE,POWHEG,NONE
,,,,,,,,,,
st_tWchan_powheg_pythia_CUETP8M1,/ST_tW_top_5f_inclusiveDecays_13TeV-powheg-pythia8_TuneCUETP8M1/RunIISummer16MiniAODv2-PUMoriond17_80X_mcRun2_asymptotic_2016_TrancheIV_v6_ext1-v1/MINIAODSIM,6952830,1,35.85,0.00515617381699,/ST_tW_top_5f_inclusiveDecays_13TeV-powheg-pythia8_TuneCUETP8M1/mwassmer-Skim-V1_3j20_1l20-a9e761f18a2602500895f5e48b093b84/USER,80X_mcRun2_asymptotic_2016_TrancheIV_v8,FALSE,POWHEG,NONE
st_tWchan_powheg_pythia_CUETP8M2T4,/ST_tW_top_5f_inclusiveDecays_13TeV-powheg-pythia8_TuneCUETP8M2T4/RunIISummer16MiniAODv2-PUMoriond17_80X_mcRun2_asymptotic_2016_TrancheIV_v6-v1/MINIAODSIM,992024,1,35.85,0.036138238591,/ST_tW_top_5f_inclusiveDecays_13TeV-powheg-pythia8_TuneCUETP8M2T4/mwassmer-Skim-V1_3j20_1l20-a9e761f18a2602500895f5e48b093b84/USER,80X_mcRun2_asymptotic_2016_TrancheIV_v8,FALSE,POWHEG,NONE
,,,,,,,,,,
stbar_tWchan_powheg_pythia_CUETP8M1,/ST_tW_antitop_5f_inclusiveDecays_13TeV-powheg-pythia8_TuneCUETP8M1/RunIISummer16MiniAODv2-PUMoriond17_80X_mcRun2_asymptotic_2016_TrancheIV_v6_ext1-v1/MINIAODSIM,6933094,1,35.85,0.00517085157074,/ST_tW_antitop_5f_inclusiveDecays_13TeV-powheg-pythia8_TuneCUETP8M1/mwassmer-Skim-V1_3j20_1l20-a9e761f18a2602500895f5e48b093b84/USER,80X_mcRun2_asymptotic_2016_TrancheIV_v8,FALSE,POWHEG,NONE
stbar_tWchan_powheg_pythia_CUETP8M2T4,/ST_tW_antitop_5f_inclusiveDecays_13TeV-powheg-pythia8_TuneCUETP8M2T4/RunIISummer16MiniAODv2-PUMoriond17_80X_mcRun2_asymptotic_2016_TrancheIV_v6-v1/MINIAODSIM,998276,1,35.85,0.0359119121365,/ST_tW_antitop_5f_inclusiveDecays_13TeV-powheg-pythia8_TuneCUETP8M2T4/mwassmer-Skim-V1_3j20_1l20-a9e761f18a2602500895f5e48b093b84/USER,80X_mcRun2_asymptotic_2016_TrancheIV_v8,FALSE,POWHEG,NONE
,,,,,,,,,,
Wjets-HT-70-100_madgraph_pythia_CUETP8M1,/WJetsToLNu_HT-70To100_TuneCUETP8M1_13TeV-madgraphMLM-pythia8/RunIISummer16MiniAODv2-PUMoriond17_80X_mcRun2_asymptotic_2016_TrancheIV_v6-v1/MINIAODSIM,10094300,1,1319.0,0.130667802621,/WJetsToLNu_HT-70To100_TuneCUETP8M1_13TeV-madgraphMLM-pythia8/mwassmer-Skim-V1_3j20_1l20-a9e761f18a2602500895f5e48b093b84/USER,80X_mcRun2_asymptotic_2016_TrancheIV_v8,FALSE,MadGraph,NONE
,,,,,,,,,,
Wjets-HT-100-200_madgraph_pythia_CUETP8M1,"/WJetsToLNu_HT-100To200_TuneCUETP8M1_13TeV-madgraphMLM-pythia8/RunIISummer16MiniAODv2-PUMoriond17_80X_mcRun2_asymptotic_2016_TrancheIV_v6-v1/MINIAODSIM,/WJetsToLNu_HT-100To200_TuneCUETP8M1_13TeV-madgraphMLM-pythia8/RunIISummer16MiniAODv2-PUMoriond17_80X_mcRun2_asymptotic_2016_TrancheIV_v6_ext1-v1/MINIAODSIM,/WJetsToLNu_HT-100To200_TuneCUETP8M1_13TeV-madgraphMLM-pythia8/RunIISummer16MiniAODv2-PUMoriond17_80X_mcRun2_asymptotic_2016_TrancheIV_v6_ext2-v1/MINIAODSIM",79356685,1,1345.0,0.0169487926569,/WJetsToLNu_HT-100To200_TuneCUETP8M1_13TeV-madgraphMLM-pythia8/mwassmer-Skim-V1_3j20_1l20-a9e761f18a2602500895f5e48b093b84/USER,80X_mcRun2_asymptotic_2016_TrancheIV_v8,FALSE,MadGraph,NONE
,,,,,,,,,,
Wjets-HT-200-400_madgraph_pythia_CUETP8M1,"/WJetsToLNu_HT-200To400_TuneCUETP8M1_13TeV-madgraphMLM-pythia8/RunIISummer16MiniAODv2-PUMoriond17_80X_mcRun2_asymptotic_2016_TrancheIV_v6-v1/MINIAODSIM,/WJetsToLNu_HT-200To400_TuneCUETP8M1_13TeV-madgraphMLM-pythia8/RunIISummer16MiniAODv2-PUMoriond17_80X_mcRun2_asymptotic_2016_TrancheIV_v6_ext1-v1/MINIAODSIM,/WJetsToLNu_HT-200To400_TuneCUETP8M1_13TeV-madgraphMLM-pythia8/RunIISummer16MiniAODv2-PUMoriond17_80X_mcRun2_asymptotic_2016_TrancheIV_v6_ext2-v1/MINIAODSIM",39680891,1,359.7,0.00906481661412,/WJetsToLNu_HT-200To400_TuneCUETP8M1_13TeV-madgraphMLM-pythia8/mwassmer-Skim-V1_3j20_1l20-a9e761f18a2602500895f5e48b093b84/USER,80X_mcRun2_asymptotic_2016_TrancheIV_v8,FALSE,MadGraph,NONE
,,,,,,,,,,
Wjets-HT-400-600_madgraph_pythia_CUETP8M1,"/WJetsToLNu_HT-400To600_TuneCUETP8M1_13TeV-madgraphMLM-pythia8/RunIISummer16MiniAODv2-PUMoriond17_80X_mcRun2_asymptotic_2016_TrancheIV_v6-v1/MINIAODSIM,/WJetsToLNu_HT-400To600_TuneCUETP8M1_13TeV-madgraphMLM-pythia8/RunIISummer16MiniAODv2-PUMoriond17_80X_mcRun2_asymptotic_2016_TrancheIV_v6_ext1-v1/MINIAODSIM",7759701,1,48.91,0.00630307791499,/WJetsToLNu_HT-400To600_TuneCUETP8M1_13TeV-madgraphMLM-pythia8/mwassmer-Skim-V1_3j20_1l20-a9e761f18a2602500895f5e48b093b84/USER,80X_mcRun2_asymptotic_2016_TrancheIV_v8,FALSE,MadGraph,NONE
,,,,,,,,,,
Wjets-HT-600-800_madgraph_pythia_CUETP8M1,"/WJetsToLNu_HT-600To800_TuneCUETP8M1_13TeV-madgraphMLM-pythia8/RunIISummer16MiniAODv2-PUMoriond17_80X_mcRun2_asymptotic_2016_TrancheIV_v6-v1/MINIAODSIM,/WJetsToLNu_HT-600To800_TuneCUETP8M1_13TeV-madgraphMLM-pythia8/RunIISummer16MiniAODv2-PUMoriond17_80X_mcRun2_asymptotic_2016_TrancheIV_v6_ext1-v1/MINIAODSIM",18687480,1,12.05,0.000644816743617,/WJetsToLNu_HT-600To800_TuneCUETP8M1_13TeV-madgraphMLM-pythia8/mwassmer-Skim-V1_3j20_1l20-a9e761f18a2602500895f5e48b093b84/USER,80X_mcRun2_asymptotic_2016_TrancheIV_v8,FALSE,MadGraph,NONE
,,,,,,,,,,
Wjets-HT-800-1200_madgraph_pythia_CUETP8M1,"/WJetsToLNu_HT-800To1200_TuneCUETP8M1_13TeV-madgraphMLM-pythia8/RunIISummer16MiniAODv2-PUMoriond17_80X_mcRun2_asymptotic_2016_TrancheIV_v6-v1/MINIAODSIM,/WJetsToLNu_HT-800To1200_TuneCUETP8M1_13TeV-madgraphMLM-pythia8/RunIISummer16MiniAODv2-PUMoriond17_80X_mcRun2_asymptotic_2016_TrancheIV_v6_ext1-v1/MINIAODSIM",7745467,1,5501,0.000710221862671,/WJetsToLNu_HT-800To1200_TuneCUETP8M1_13TeV-madgraphMLM-pythia8/mwassmer-Skim-V1_3j20_1l20-a9e761f18a2602500895f5e48b093b84/USER,80X_mcRun2_asymptotic_2016_TrancheIV_v8,FALSE,MadGraph,NONE
,,,,,,,,,,
Wjets-HT-1200-2500_madgraph_pythia_CUETP8M1,"/WJetsToLNu_HT-1200To2500_TuneCUETP8M1_13TeV-madgraphMLM-pythia8/RunIISummer16MiniAODv2-PUMoriond17_80X_mcRun2_asymptotic_2016_TrancheIV_v6-v1/MINIAODSIM,/WJetsToLNu_HT-1200To2500_TuneCUETP8M1_13TeV-madgraphMLM-pythia8/RunIISummer16MiniAODv2-PUMoriond17_80X_mcRun2_asymptotic_2016_TrancheIV_v6_ext1-v1/MINIAODSIM",6872441,1,1329,0.00019338107086,/WJetsToLNu_HT-1200To2500_TuneCUETP8M1_13TeV-madgraphMLM-pythia8/mwassmer-Skim-V1_3j20_1l20-a9e761f18a2602500895f5e48b093b84/USER,80X_mcRun2_asymptotic_2016_TrancheIV_v8,FALSE,MadGraph,NONE
,,,,,,,,,,
Wjets-HT-2500-Inf_madgraph_pythia_CUETP8M1,"/WJetsToLNu_HT-2500ToInf_TuneCUETP8M1_13TeV-madgraphMLM-pythia8/RunIISummer16MiniAODv2-PUMoriond17_80X_mcRun2_asymptotic_2016_TrancheIV_v6-v1/MINIAODSIM,/WJetsToLNu_HT-2500ToInf_TuneCUETP8M1_13TeV-madgraphMLM-pythia8/RunIISummer16MiniAODv2-PUMoriond17_80X_mcRun2_asymptotic_2016_TrancheIV_v6_ext1-v1/MINIAODSIM",2637821,1,0.03216,1.21918811019e-05,/WJetsToLNu_HT-2500ToInf_TuneCUETP8M1_13TeV-madgraphMLM-pythia8/mwassmer-Skim-V1_3j20_1l20-a9e761f18a2602500895f5e48b093b84/USER,80X_mcRun2_asymptotic_2016_TrancheIV_v8,FALSE,MadGraph,NONE
,,,,,,,,,,
Zjets_m5to50-HT-100-200_madgraph_pythia_CUETP8M1,"/DYJetsToLL_M-5to50_HT-100to200_TuneCUETP8M1_13TeV-madgraphMLM-pythia8/RunIISummer16MiniAODv2-PUMoriond17_80X_mcRun2_asymptotic_2016_TrancheIV_v6-v1/MINIAODSIM,/DYJetsToLL_M-5to50_HT-100to200_TuneCUETP8M1_13TeV-madgraphMLM-pythia8/RunIISummer16MiniAODv2-PUMoriond17_80X_mcRun2_asymptotic_2016_TrancheIV_v6_ext1-v1/MINIAODSIM",9591846,1,224.2,0.0233740199749,/DYJetsToLL_M-5to50_HT-100to200_TuneCUETP8M1_13TeV-madgraphMLM-pythia8/mwassmer-Skim-V1_3j20_1l20-a9e761f18a2602500895f5e48b093b84/USER,80X_mcRun2_asymptotic_2016_TrancheIV_v8,FALSE,MadGraph,NONE
,,,,,,,,,,
Zjets_m5to50-HT-200-400_madgraph_pythia_CUETP8M1,"/DYJetsToLL_M-5to50_HT-200to400_TuneCUETP8M1_13TeV-madgraphMLM-pythia8/RunIISummer16MiniAODv2-PUMoriond17_80X_mcRun2_asymptotic_2016_TrancheIV_v6-v1/MINIAODSIM,/DYJetsToLL_M-5to50_HT-200to400_TuneCUETP8M1_13TeV-madgraphMLM-pythia8/RunIISummer16MiniAODv2-PUMoriond17_80X_mcRun2_asymptotic_2016_TrancheIV_v6_ext1-v1/MINIAODSIM",3123007,1,37.2,0.0119115967399,/DYJetsToLL_M-5to50_HT-200to400_TuneCUETP8M1_13TeV-madgraphMLM-pythia8/mwassmer-Skim-V1_3j20_1l20-a9e761f18a2602500895f5e48b093b84/USER,80X_mcRun2_asymptotic_2016_TrancheIV_v8,FALSE,MadGraph,NONE
,,,,,,,,,,
Zjets_m5to50-HT-400-600_madgraph_pythia_CUETP8M1,"/DYJetsToLL_M-5to50_HT-400to600_TuneCUETP8M1_13TeV-madgraphMLM-pythia8/RunIISummer16MiniAODv2-PUMoriond17_80X_mcRun2_asymptotic_2016_TrancheIV_v6-v1/MINIAODSIM,/DYJetsToLL_M-5to50_HT-400to600_TuneCUETP8M1_13TeV-madgraphMLM-pythia8/RunIISummer16MiniAODv2-PUMoriond17_80X_mcRun2_asymptotic_2016_TrancheIV_v6_ext1-v1/MINIAODSIM",3088204,1,3581,0.00115957365511,/DYJetsToLL_M-5to50_HT-400to600_TuneCUETP8M1_13TeV-madgraphMLM-pythia8/mwassmer-Skim-V1_3j20_1l20-a9e761f18a2602500895f5e48b093b84/USER,80X_mcRun2_asymptotic_2016_TrancheIV_v8,FALSE,MadGraph,NONE
,,,,,,,,,,
Zjets_m5to50-HT-600-Inf_madgraph_pythia_CUETP8M1,"/DYJetsToLL_M-5to50_HT-600toInf_TuneCUETP8M1_13TeV-madgraphMLM-pythia8/RunIISummer16MiniAODv2-PUMoriond17_80X_mcRun2_asymptotic_2016_TrancheIV_v6-v1/MINIAODSIM,/DYJetsToLL_M-5to50_HT-600toInf_TuneCUETP8M1_13TeV-madgraphMLM-pythia8/RunIISummer16MiniAODv2-PUMoriond17_80X_mcRun2_asymptotic_2016_TrancheIV_v6_ext1-v1/MINIAODSIM",3027395,1,1124,0.000371276295297,/DYJetsToLL_M-5to50_HT-600toInf_TuneCUETP8M1_13TeV-madgraphMLM-pythia8/mwassmer-Skim-V1_3j20_1l20-a9e761f18a2602500895f5e48b093b84/USER,80X_mcRun2_asymptotic_2016_TrancheIV_v8,FALSE,MadGraph,NONE
,,,,,,,,,,
Zjets_m50toInf-HT-70-100_madgraph_pythia_CUETP8M1,/DYJetsToLL_M-50_HT-70to100_TuneCUETP8M1_13TeV-madgraphMLM-pythia8/RunIISummer16MiniAODv2-PUMoriond17_80X_mcRun2_asymptotic_2016_TrancheIV_v6-v1/MINIAODSIM,9616188,1,175.3,0.018229676874,/DYJetsToLL_M-50_HT-70to100_TuneCUETP8M1_13TeV-madgraphMLM-pythia8/mwassmer-Skim-V1_3j20_1l20-a9e761f18a2602500895f5e48b093b84/USER,80X_mcRun2_asymptotic_2016_TrancheIV_v8,FALSE,MadGraph,NONE
,,,,,,,,,,
Zjets_m50toInf-HT-100-200_madgraph_pythia_CUETP8M1,"/DYJetsToLL_M-50_HT-100to200_TuneCUETP8M1_13TeV-madgraphMLM-pythia8/RunIISummer16MiniAODv2-PUMoriond17_80X_mcRun2_asymptotic_2016_TrancheIV_v6-v1/MINIAODSIM,/DYJetsToLL_M-50_HT-100to200_TuneCUETP8M1_13TeV-madgraphMLM-pythia8/RunIISummer16MiniAODv2-PUMoriond17_80X_mcRun2_asymptotic_2016_TrancheIV_v6_ext1-v1/MINIAODSIM",10607207,1,147.4,0.013896212264,/DYJetsToLL_M-50_HT-100to200_TuneCUETP8M1_13TeV-madgraphMLM-pythia8/mwassmer-Skim-V1_3j20_1l20-a9e761f18a2602500895f5e48b093b84/USER,80X_mcRun2_asymptotic_2016_TrancheIV_v8,FALSE,MadGraph,NONE
,,,,,,,,,,
Zjets_m50toInf-HT-200-400_madgraph_pythia_CUETP8M1,"/DYJetsToLL_M-50_HT-200to400_TuneCUETP8M1_13TeV-madgraphMLM-pythia8/RunIISummer16MiniAODv2-PUMoriond17_80X_mcRun2_asymptotic_2016_TrancheIV_v6-v1/MINIAODSIM,/DYJetsToLL_M-50_HT-200to400_TuneCUETP8M1_13TeV-madgraphMLM-pythia8/RunIISummer16MiniAODv2-PUMoriond17_80X_mcRun2_asymptotic_2016_TrancheIV_v6_ext1-v1/MINIAODSIM",9653731,1,40.99,0.00424602674344,/DYJetsToLL_M-50_HT-200to400_TuneCUETP8M1_13TeV-madgraphMLM-pythia8/mwassmer-Skim-V1_3j20_1l20-a9e761f18a2602500895f5e48b093b84/USER,80X_mcRun2_asymptotic_2016_TrancheIV_v8,FALSE,MadGraph,NONE
,,,,,,,,,,
Zjets_m50toInf-HT-400-600_madgraph_pythia_CUETP8M1,"/DYJetsToLL_M-50_HT-400to600_TuneCUETP8M1_13TeV-madgraphMLM-pythia8/RunIISummer16MiniAODv2-PUMoriond17_80X_mcRun2_asymptotic_2016_TrancheIV_v6-v1/MINIAODSIM,/DYJetsToLL_M-50_HT-400to600_TuneCUETP8M1_13TeV-madgraphMLM-pythia8/RunIISummer16MiniAODv2-PUMoriond17_80X_mcRun2_asymptotic_2016_TrancheIV_v6_ext1-v1/MINIAODSIM",10008776,1,5678,0.000567302135646,/DYJetsToLL_M-50_HT-400to600_TuneCUETP8M1_13TeV-madgraphMLM-pythia8/mwassmer-Skim-V1_3j20_1l20-a9e761f18a2602500895f5e48b093b84/USER,80X_mcRun2_asymptotic_2016_TrancheIV_v8,FALSE,MadGraph,NONE
,,,,,,,,,,
Zjets_m50toInf-HT-600-800_madgraph_pythia_CUETP8M1,/DYJetsToLL_M-50_HT-600to800_TuneCUETP8M1_13TeV-madgraphMLM-pythia8/RunIISummer16MiniAODv2-PUMoriond17_80X_mcRun2_asymptotic_2016_TrancheIV_v6-v2/MINIAODSIM,8292957,1,1367,0.000164838669729,/DYJetsToLL_M-50_HT-600to800_TuneCUETP8M1_13TeV-madgraphMLM-pythia8/mwassmer-Skim-V1_3j20_1l20-a9e761f18a2602500895f5e48b093b84/USER,80X_mcRun2_asymptotic_2016_TrancheIV_v8,FALSE,MadGraph,NONE
,,,,,,,,,,
Zjets_m50toInf-HT-800-1200_madgraph_pythia_CUETP8M1,/DYJetsToLL_M-50_HT-800to1200_TuneCUETP8M1_13TeV-madgraphMLM-pythia8/RunIISummer16MiniAODv2-PUMoriond17_80X_mcRun2_asymptotic_2016_TrancheIV_v6-v1/MINIAODSIM,2668730,1,0.6304,0.000236217226921,/DYJetsToLL_M-50_HT-800to1200_TuneCUETP8M1_13TeV-madgraphMLM-pythia8/mwassmer-Skim-V1_3j20_1l20-a9e761f18a2602500895f5e48b093b84/USER,80X_mcRun2_asymptotic_2016_TrancheIV_v8,FALSE,MadGraph,NONE
,,,,,,,,,,
Zjets_m50toInf-HT-1200-2500_madgraph_pythia_CUETP8M1,/DYJetsToLL_M-50_HT-1200to2500_TuneCUETP8M1_13TeV-madgraphMLM-pythia8/RunIISummer16MiniAODv2-PUMoriond17_80X_mcRun2_asymptotic_2016_TrancheIV_v6-v1/MINIAODSIM,596079,1,0.1514,0.000253993178757,/DYJetsToLL_M-50_HT-1200to2500_TuneCUETP8M1_13TeV-madgraphMLM-pythia8/mwassmer-Skim-V1_3j20_1l20-a9e761f18a2602500895f5e48b093b84/USER,80X_mcRun2_asymptotic_2016_TrancheIV_v8,FALSE,MadGraph,NONE
,,,,,,,,,,
Zjets_m50toInf-HT-2500-Inf_madgraph_pythia_CUETP8M1,/DYJetsToLL_M-50_HT-2500toInf_TuneCUETP8M1_13TeV-madgraphMLM-pythia8/RunIISummer16MiniAODv2-PUMoriond17_80X_mcRun2_asymptotic_2016_TrancheIV_v6-v1/MINIAODSIM,399492,1,0.003565,8.92383326825e-06,/DYJetsToLL_M-50_HT-2500toInf_TuneCUETP8M1_13TeV-madgraphMLM-pythia8/mwassmer-Skim-V1_3j20_1l20-a9e761f18a2602500895f5e48b093b84/USER,80X_mcRun2_asymptotic_2016_TrancheIV_v8,FALSE,MadGraph,NONE
,,,,,,,,,,
ttW_hadr_amc_pythia_CUETP8M1,/TTWJetsToQQ_TuneCUETP8M1_13TeV-amcatnloFXFX-madspin-pythia8/RunIISummer16MiniAODv2-PUMoriond17_80X_mcRun2_asymptotic_2016_TrancheIV_v6-v1/MINIAODSIM,833298,0.512111046136,0.4062,0.00095186517067,/TTWJetsToQQ_TuneCUETP8M1_13TeV-amcatnloFXFX-madspin-pythia8/mwassmer-Skim-V1_3j20_1l20-a9e761f18a2602500895f5e48b093b84/USER,80X_mcRun2_asymptotic_2016_TrancheIV_v8,FALSE,aMC,NONE
,,,,,,,,,,
ttW_lept_amc_pythia_CUETP8M1,/TTWJetsToLNu_TuneCUETP8M1_13TeV-amcatnloFXFX-madspin-pythia8/RunIISummer16MiniAODv2-PUMoriond17_80X_mcRun2_asymptotic_2016_TrancheIV_v6_ext1-v3/MINIAODSIM,2160168,0.51856397668,0.2043,0.000182380538713,/TTWJetsToLNu_TuneCUETP8M1_13TeV-amcatnloFXFX-madspin-pythia8/mwassmer-Skim-V1_3j20_1l20-a9e761f18a2602500895f5e48b093b84/USER,80X_mcRun2_asymptotic_2016_TrancheIV_v8,FALSE,aMC,NONE
ttW_lept_amc_pythia_CUETP8M1,/TTWJetsToLNu_TuneCUETP8M1_13TeV-amcatnloFXFX-madspin-pythia8/RunIISummer16MiniAODv2-PUMoriond17_80X_mcRun2_asymptotic_2016_TrancheIV_v6_ext2-v1/MINIAODSIM,3120397,0.512337217272,0.2043,0.000127791688902,/TTWJetsToLNu_TuneCUETP8M1_13TeV-amcatnloFXFX-madspin-pythia8/mwassmer-Skim-V1_3j20_1l20-a9e761f18a2602500895f5e48b093b84/USER,80X_mcRun2_asymptotic_2016_TrancheIV_v8,FALSE,aMC,NONE
,,,,,,,,,,
ttZ_hadr_amc_pythia_CUETP8M1,/TTZToQQ_TuneCUETP8M1_13TeV-amcatnlo-pythia8/RunIISummer16MiniAODv2-PUMoriond17_80X_mcRun2_asymptotic_2016_TrancheIV_v6-v1/MINIAODSIM,749400,0.468610680596,0.5297,0.00150835685493,/TTZToQQ_TuneCUETP8M1_13TeV-amcatnlo-pythia8/mwassmer-Skim-V1_3j20_1l20-a9e761f18a2602500895f5e48b093b84/USER,80X_mcRun2_asymptotic_2016_TrancheIV_v8,FALSE,aMC,NONE
,,,,,,,,,,
ttZ_lept_amc_pythia_CUETP8M1,"/TTZToLLNuNu_M-10_TuneCUETP8M1_13TeV-amcatnlo-pythia8/RunIISummer16MiniAODv2-PUMoriond17_80X_mcRun2_asymptotic_2016_TrancheIV_v6_ext1-v1/MINIAODSIM,/TTZToLLNuNu_M-10_TuneCUETP8M1_13TeV-amcatnlo-pythia8/RunIISummer16MiniAODv2-PUMoriond17_80X_mcRun2_asymptotic_2016_TrancheIV_v6_ext2-v1/MINIAODSIM,/TTZToLLNuNu_M-10_TuneCUETP8M1_13TeV-amcatnlo-pythia8/RunIISummer16MiniAODv2-PUMoriond17_80X_mcRun2_asymptotic_2016_TrancheIV_v6_ext3-v1/MINIAODSIM",13908701,0.4623494474,0.2529,3.9327099357e-05,/TTZToLLNuNu_M-10_TuneCUETP8M1_13TeV-amcatnlo-pythia8/mwassmer-Skim-V1_3j20_1l20-a9e761f18a2602500895f5e48b093b84/USER,80X_mcRun2_asymptotic_2016_TrancheIV_v8,FALSE,aMC,NONE
,,,,,,,,,,
WW_pythia_CUETP8M1,"/WW_TuneCUETP8M1_13TeV-pythia8/RunIISummer16MiniAODv2-PUMoriond17_80X_mcRun2_asymptotic_2016_TrancheIV_v6-v1/MINIAODSIM,/WW_TuneCUETP8M1_13TeV-pythia8/RunIISummer16MiniAODv2-PUMoriond17_80X_mcRun2_asymptotic_2016_TrancheIV_v6_ext1-v1/MINIAODSIM",7981136,1,118.7,0.0148725695189,/WW_TuneCUETP8M1_13TeV-pythia8/mwassmer-Skim-V1_3j20_1l20-a9e761f18a2602500895f5e48b093b84/USER,80X_mcRun2_asymptotic_2016_TrancheIV_v8,FALSE,pythia8,NONE
,,,,,,,,,,
WZ_pythia_CUETP8M1,"/WZ_TuneCUETP8M1_13TeV-pythia8/RunIISummer16MiniAODv2-PUMoriond17_80X_mcRun2_asymptotic_2016_TrancheIV_v6-v1/MINIAODSIM,/WZ_TuneCUETP8M1_13TeV-pythia8/RunIISummer16MiniAODv2-PUMoriond17_80X_mcRun2_asymptotic_2016_TrancheIV_v6_ext1-v1/MINIAODSIM",3995828,1,47.12,0.0117922993682,/WZ_TuneCUETP8M1_13TeV-pythia8/mwassmer-Skim-V1_3j20_1l20-a9e761f18a2602500895f5e48b093b84/USER,80X_mcRun2_asymptotic_2016_TrancheIV_v8,FALSE,pythia8,NONE
,,,,,,,,,,
ZZ_pythia_CUETP8M1,"/ZZ_TuneCUETP8M1_13TeV-pythia8/RunIISummer16MiniAODv2-PUMoriond17_80X_mcRun2_asymptotic_2016_TrancheIV_v6-v1/MINIAODSIM,/ZZ_TuneCUETP8M1_13TeV-pythia8/RunIISummer16MiniAODv2-PUMoriond17_80X_mcRun2_asymptotic_2016_TrancheIV_v6_ext1-v1/MINIAODSIM",1988098,1,15.4,0.00774609702339,/ZZ_TuneCUETP8M1_13TeV-pythia8/mwassmer-Skim-V1_3j20_1l20-a9e761f18a2602500895f5e48b093b84/USER,80X_mcRun2_asymptotic_2016_TrancheIV_v8,FALSE,pythia8,NONE
